full_name,first_name,last_name,number
GinoRensi,Gino,Rensi,3668494341
BereniceArgenti,Berenice,Argenti,3780245196
RuggieroMunari,Ruggiero,Munari,3685577996
LuisaFoconi,Luisa,Foconi,3330287040
PomponioGremese,Pomponio,Gremese,3617559462
LorettaSpinola,Loretta,Spinola,3792447819
NapoleoneDonarelli,Napoleone,Donarelli,3756013393
GabriellaSalvemini,Gabriella,Salvemini,3773511520
NiccolòMalpighi,Niccolò,Malpighi,3517752266
RaffaellaGiovine,Raffaella,Giovine,3353890141
AchilleGoldstein,Achille,Goldstein,3855880212
LucaGiammusso,Luca,Giammusso,3770012334
SilvioSerlupi,Silvio,Serlupi,3533724852
FabriziaZecchini,Fabrizia,Zecchini,3553026568
DinaMannoia,Dina,Mannoia,3500686413
DamianoMontessori,Damiano,Montessori,3511267193
DamianoPace,Damiano,Pace,3308067918
GiuseppinaSaracino,Giuseppina,Saracino,3774181983
ElianaCasale,Eliana,Casale,3715841562
AdelasiaFerrata,Adelasia,Ferrata,3515708586
BenvenutoDoria,Benvenuto,Doria,3423670808
FaustoMercantini,Fausto,Mercantini,3803000085
AmandaAntonello,Amanda,Antonello,3855696959
LorettaEinaudi,Loretta,Einaudi,3534082655
GioeleCagnotto,Gioele,Cagnotto,3826387583
VirgilioBarzini,Virgilio,Barzini,3824851955
AntonioRicci,Antonio,Ricci,3365679686
SimonettaTravia,Simonetta,Travia,3663171436
UgoTutino,Ugo,Tutino,3501895763
AntoniettaMuratori,Antonietta,Muratori,3511928851
FrancoAndreozzi,Franco,Andreozzi,3895174366
AlfredoTroisi,Alfredo,Troisi,3558274908
GiulioLeopardi,Giulio,Leopardi,3520813465
AdrianaFornaciari,Adriana,Fornaciari,3533932554
TeresaMercalli,Teresa,Mercalli,3900857098
UmbertoBurcardo,Umberto,Burcardo,3514736264
EnnioGotti,Ennio,Gotti,3418591182
AntoninoTanzini,Antonino,Tanzini,3510108547
LeonardoSanguineti,Leonardo,Sanguineti,3793183882
GioeleBorroni,Gioele,Borroni,3513893454
AuroraSbarbaro,Aurora,Sbarbaro,3509312127
MarisaGori,Marisa,Gori,3684320977
LeoneBettin,Leone,Bettin,3207294082
ToniDuodo,Toni,Duodo,3772100041
AuroraDonatoni,Aurora,Donatoni,3414193435
GiovanniMontanariello,Giovanni,Montanariello,3929523296
TorquatoGiannetti,Torquato,Giannetti,3406026085
ImeldaScaramucci,Imelda,Scaramucci,3376420123
ManuelSabbatini,Manuel,Sabbatini,3738273167
GabriellaTurrini,Gabriella,Turrini,3501309186
GiulianaBaracca,Giuliana,Baracca,3373189978
IrmaPuglisi,Irma,Puglisi,3373523820
BartolomeoMeucci,Bartolomeo,Meucci,3501038533
GiuliettaTaliani,Giulietta,Taliani,3514699451
GustavoSismondi,Gustavo,Sismondi,3777353620
VincentioLudovisi,Vincentio,Ludovisi,3636238000
PomponioVerdi,Pomponio,Verdi,3821884620
VirginiaCasale,Virginia,Casale,3517716414
MichelottoFinetti,Michelotto,Finetti,3703784389
TinaPugliese,Tina,Pugliese,3898413586
CristinaTafuri,Cristina,Tafuri,3511489544
GabriellaTotino,Gabriella,Totino,3515762343
AdeleAriasso,Adele,Ariasso,3832281149
MaurizioCuomo,Maurizio,Cuomo,3810681481
CleliaPacomio,Clelia,Pacomio,3517892894
TelemacoGrasso,Telemaco,Grasso,3515424063
AugustoBotta,Augusto,Botta,3779648597
LeopoldoSinisi,Leopoldo,Sinisi,3701971159
AntoniaCafarchia,Antonia,Cafarchia,3516402028
GiadaMastandrea,Giada,Mastandrea,3792392208
LucianoVivaldi,Luciano,Vivaldi,3777983150
CamilloStucchi,Camillo,Stucchi,3315861019
FabioDallara,Fabio,Dallara,3733945788
AlfioGaito,Alfio,Gaito,3896304831
GrecoMaffei,Greco,Maffei,3369875258
GuidoGrossi,Guido,Grossi,3534410211
MichelottoGarrone,Michelotto,Garrone,3203272776
PalomaCicilia,Paloma,Cicilia,3629442584
RitaTrentin,Rita,Trentin,3427368352
GuidoBarberini,Guido,Barberini,3770565255
FabriziaSilvestri,Fabrizia,Silvestri,3200840157
DonatoZacco,Donato,Zacco,3428312324
MargheritaTonisto,Margherita,Tonisto,3755882267
MariaSpanevello,Maria,Spanevello,3534069902
GaetanoGentileschi,Gaetano,Gentileschi,3505921235
GiadaTarchetti,Giada,Tarchetti,3756911912
GiuliaDandolo,Giulia,Dandolo,3630777868
UgolinoGagliardi,Ugolino,Gagliardi,3412701735
NadiaTarchetti,Nadia,Tarchetti,3780651923
RaffaelloGuidone,Raffaello,Guidone,3311275019
AlessandraRizzo,Alessandra,Rizzo,3755532758
LuchinoTraetta,Luchino,Traetta,3311895638
AdamoMengolo,Adamo,Mengolo,3792171766
GiovannaRusso,Giovanna,Russo,3703976326
IgnazioMimun,Ignazio,Mimun,3621285807
RominaSchicchi,Romina,Schicchi,3901660471
AntonellaFerragamo,Antonella,Ferragamo,3389817341
GrazianoAntonacci,Graziano,Antonacci,3713599967
GiovanniChittolini,Giovanni,Chittolini,3780606292
LolitaNecci,Lolita,Necci,3515311835
GriseldaMastandrea,Griselda,Mastandrea,3973738560
MattiaMaffei,Mattia,Maffei,3852315118
DinoGeraci,Dino,Geraci,3926889194
FabriziaSauli,Fabrizia,Sauli,3517949611
GianlucaVerdi,Gianluca,Verdi,3666796140
DinoIannotti,Dino,Iannotti,3792422763
RosariaFusani,Rosaria,Fusani,3358692594
ElladioVolta,Elladio,Volta,3757262337
PaolettaFerrari,Paoletta,Ferrari,3777311095
PasqualeBoaga,Pasquale,Boaga,3336894226
FrancescoDuodo,Francesco,Duodo,3376832527
DonnaMichelangeli,Donna,Michelangeli,3510539753
LidiaMoresi,Lidia,Moresi,3312878357
GianmarcoBombieri,Gianmarco,Bombieri,3520404924
VincenzoBossi,Vincenzo,Bossi,3305620161
OrlandoBernini,Orlando,Bernini,3513238574
FloraToninelli,Flora,Toninelli,3404595037
RamonaAriosto,Ramona,Ariosto,3350261745
RembrandtMezzetta,Rembrandt,Mezzetta,3777691611
GianluigiTebaldi,Gianluigi,Tebaldi,3627987679
AdrianoChindamo,Adriano,Chindamo,3515803269
ColuccioGarozzo,Coluccio,Garozzo,3505351230
OsvaldoMontanari,Osvaldo,Montanari,3299180625
CeciliaMontesano,Cecilia,Montesano,3516362695
ClaudiaFinetti,Claudia,Finetti,3683364554
GiadaComencini,Giada,Comencini,3533824853
ZairaGotti,Zaira,Gotti,3756464955
SoniaJuvara,Sonia,Juvara,3247655717
GermanaGemito,Germana,Gemito,3713332491
BaldassarePezzali,Baldassare,Pezzali,3519985746
RitaPacomio,Rita,Pacomio,3534246891
UbaldoTurati,Ubaldo,Turati,3627725260
FabrizioBaggio,Fabrizio,Baggio,3520662051
MariaFilangieri,Maria,Filangieri,3684202928
GuidoCamuccini,Guido,Camuccini,3509244760
SoleLuna,Sole,Luna,3684163154
SylviaMarinetti,Sylvia,Marinetti,3516398498
ArmandoAltera,Armando,Altera,3716210708
VirginiaZanazzo,Virginia,Zanazzo,3793892396
GiovanniPometta,Giovanni,Pometta,3390778230
LodovicoNorbiato,Lodovico,Norbiato,3313672556
RomoloSforza,Romolo,Sforza,3714421116
MaurizioTognazzi,Maurizio,Tognazzi,3494484681
AldoSiffredi,Aldo,Siffredi,3227877894
SaverioPizzetti,Saverio,Pizzetti,3666526938
EdoardoPizzo,Edoardo,Pizzo,3714036282
SilviaPedrazzini,Silvia,Pedrazzini,3558729595
GiulianoFinzi,Giuliano,Finzi,3519679658
BeppeVitturi,Beppe,Vitturi,3755182906
PellegrinoPedroni,Pellegrino,Pedroni,3242035397
ElviraCianciolo,Elvira,Cianciolo,3318657859
CarloAdinolfi,Carlo,Adinolfi,3779167257
BrunoFilangieri,Bruno,Filangieri,3755144065
TorquatoGrasso,Torquato,Grasso,3978452556
RominaValier,Romina,Valier,3480000659
GloriaNibali,Gloria,Nibali,3938051285
LorenzoFischetti,Lorenzo,Fischetti,3517775458
RiccardoFanucci,Riccardo,Fanucci,3513714029
SabatinoAdinolfi,Sabatino,Adinolfi,3421826292
ElviraSemitecolo,Elvira,Semitecolo,3810306733
ElladioRusticucci,Elladio,Rusticucci,3385423239
PatriziaLerner,Patrizia,Lerner,3937340908
MauraGarrone,Maura,Garrone,3395499921
ArnaldoPrati,Arnaldo,Prati,3711819305
RamonaFoa,Ramona,Foa,3514327663
ElladioMazzeo,Elladio,Mazzeo,3880372689
CeciliaSpanevello,Cecilia,Spanevello,3300477777
MarcelloFerrara,Marcello,Ferrara,3511405149
LucaCocci,Luca,Cocci,3511343112
GianpietroValguarnera,Gianpietro,Valguarnera,3711351870
RosarioCampise,Rosario,Campise,3755940647
FulvioCrespi,Fulvio,Crespi,3703757466
FabriziaArmani,Fabrizia,Armani,3615727696
ErmesCadorna,Ermes,Cadorna,3701643802
GianlucaTanzini,Gianluca,Tanzini,3912435512
PierluigiGramsci,Pierluigi,Gramsci,3349824381
ElladioFilogamo,Elladio,Filogamo,3733287683
RosarioGalvani,Rosario,Galvani,3516165161
EnricoMajewski,Enrico,Majewski,3776073206
AzeglioFallaci,Azeglio,Fallaci,3793780387
ToniaPaganini,Tonia,Paganini,3513907700
ElisaPausini,Elisa,Pausini,3468128440
MartinoLanfranchi,Martino,Lanfranchi,3760999132
IvoFinetti,Ivo,Finetti,3607884942
FederigoCalarco,Federigo,Calarco,3376755232
LodovicoUghi,Lodovico,Ughi,3236018643
GoffredoBorromini,Goffredo,Borromini,3661831535
BaldassareNitto,Baldassare,Nitto,3557862761
AlessiaArgentero,Alessia,Argentero,3315672838
DaniloBertoni,Danilo,Bertoni,3773091629
SebastianoVisconti,Sebastiano,Visconti,3226640755
GermanaVerdi,Germana,Verdi,3511943747
LisaTerragni,Lisa,Terragni,3680956844
FabrizioZanazzo,Fabrizio,Zanazzo,3517552359
VirgilioRomano,Virgilio,Romano,3470704483
CassandraSpanevello,Cassandra,Spanevello,3449774651
MariaNavone,Maria,Navone,3779662349
GiacintoAldobrandi,Giacinto,Aldobrandi,3973626024
AgostinoAlmagià,Agostino,Almagià,3757477936
PieroPuccini,Piero,Puccini,3509131188
LeoneFiorucci,Leone,Fiorucci,3456911661
EraldoBabbo,Eraldo,Babbo,3514241343
UgolinoSagnelli,Ugolino,Sagnelli,3710218060
FredoMazzacurati,Fredo,Mazzacurati,3779855787
SerafinaAlbertini,Serafina,Albertini,3932418478
RobertoContarini,Roberto,Contarini,3493362476
FilippaMarino,Filippa,Marino,3514531405
AnnibaleTarantino,Annibale,Tarantino,3791420116
LucianaPalombi,Luciana,Palombi,3970291160
ToniOrengo,Toni,Orengo,3977066566
EraldoSabatini,Eraldo,Sabatini,3553478957
FloraCagnin,Flora,Cagnin,3621107437
AmaliaGiradello,Amalia,Giradello,3604697655
ElisaMarsili,Elisa,Marsili,3776047620
MassimoGaito,Massimo,Gaito,3505594580
DamianoBembo,Damiano,Bembo,3520307763
EnnioPastine,Ennio,Pastine,3428671006
MelinaArgento,Melina,Argento,3509878460
StefaniaSimeoni,Stefania,Simeoni,3812542918
AlessioGiammusso,Alessio,Giammusso,3777869617
NicolaCampise,Nicola,Campise,3772154103
PierangeloBerengario,Pierangelo,Berengario,3688204050
RanieriBorroni,Ranieri,Borroni,3716627380
RenataAngiolello,Renata,Angiolello,3624247205
RosariaSagese,Rosaria,Sagese,3518650128
AllegraMonicelli,Allegra,Monicelli,3710677003
AlfredoPertile,Alfredo,Pertile,3275504399
VirgilioLigorio,Virgilio,Ligorio,3550412050
AlessioUbaldi,Alessio,Ubaldi,3853716155
RomoloGregori,Romolo,Gregori,3703356955
BernardoNotarbartolo,Bernardo,Notarbartolo,3311078321
PiermariaVerdone,Piermaria,Verdone,3979018720
ToniGibilisco,Toni,Gibilisco,3345632763
FernandaCastioni,Fernanda,Castioni,3774135479
GuidoMalaparte,Guido,Malaparte,3828142977
AchilleDonarelli,Achille,Donarelli,3439074702
RenataTamburello,Renata,Tamburello,3517421943
MatteoMiniati,Matteo,Miniati,3369745659
CarloMazzanti,Carlo,Mazzanti,3500008994
GioeleFoconi,Gioele,Foconi,3776218084
AlphonsDibiasi,Alphons,Dibiasi,3715254721
GuglielmoMalaparte,Guglielmo,Malaparte,3777116177
AchillePacomio,Achille,Pacomio,3552961365
AngeloZoppetto,Angelo,Zoppetto,3512257816
LuchinoFolliero,Luchino,Folliero,3248531631
MarcoSpinelli,Marco,Spinelli,3802325422
LaureanoTomaselli,Laureano,Tomaselli,3793358287
UgolinoCarducci,Ugolino,Carducci,3756581140
PaolettaMicheletti,Paoletta,Micheletti,3512647375
ArnaldoCurci,Arnaldo,Curci,3780912957
EttaMarconi,Etta,Marconi,3668015149
DoloresBattaglia,Dolores,Battaglia,3330485598
PietroDulbecco,Pietro,Dulbecco,3715607837
AmedeoVerdone,Amedeo,Verdone,3428510665
PierangeloCherubini,Pierangelo,Cherubini,3714999516
RanieriConte,Ranieri,Conte,3915331594
LorenzoVirgilio,Lorenzo,Virgilio,3396901290
PasqualeFarinelli,Pasquale,Farinelli,3793360555
ArmandoNiscoromni,Armando,Niscoromni,3684829255
MatteoLeoncavallo,Matteo,Leoncavallo,3496360305
GiosuèNonis,Giosuè,Nonis,3388030159
LandoZanichelli,Lando,Zanichelli,3716123138
LuchinoZanichelli,Luchino,Zanichelli,3517987585
AdrianaPorcellato,Adriana,Porcellato,3511289415
GiulianoZamorani,Giuliano,Zamorani,3783465973
CarloPennetta,Carlo,Pennetta,3388120278
IppazioParisi,Ippazio,Parisi,3711321447
EnnioMorosini,Ennio,Morosini,3398146729
AlfioCeravolo,Alfio,Ceravolo,3505087495
PierluigiLollobrigida,Pierluigi,Lollobrigida,3755229068
LuchinoTrevisani,Luchino,Trevisani,3458475757
LeonardoBattaglia,Leonardo,Battaglia,3519392209
LaureanoTrapani,Laureano,Trapani,3772593065
SebastianoStucchi,Sebastiano,Stucchi,3351720536
PompeoNecci,Pompeo,Necci,3304281259
GinoIannuzzi,Gino,Iannuzzi,3207116488
PompeoAnichini,Pompeo,Anichini,3511516684
CeciliaGreco,Cecilia,Greco,3777788112
VirgilioCastiglione,Virgilio,Castiglione,3509807623
ViridianaDonati,Viridiana,Donati,3778863520
GraziellaFranscini,Graziella,Franscini,3517183964
GiancarloProietti,Giancarlo,Proietti,3780817810
RicciottiBoccioni,Ricciotti,Boccioni,3714295082
NicoMaggioli,Nico,Maggioli,3710432009
FabiaParpinel,Fabia,Parpinel,3903262175
GrazianoLucciano,Graziano,Lucciano,3519224082
VictoriaFinotto,Victoria,Finotto,3780776102
AgostinoMaggioli,Agostino,Maggioli,3779583538
FlaviaBignardi,Flavia,Bignardi,3791718140
FabriziaSorrentino,Fabrizia,Sorrentino,3505891256
ToniBurcardo,Toni,Burcardo,3500106994
GianluigiCarriera,Gianluigi,Carriera,3780191567
RosaNonis,Rosa,Nonis,3334617243
GelsominaBettoni,Gelsomina,Bettoni,3505797927
PaolaSatriani,Paola,Satriani,3755748409
RosaTropea,Rosa,Tropea,3791445962
NinoTrombetta,Nino,Trombetta,3714024026
ManuelTarchetti,Manuel,Tarchetti,3501541445
SanteGori,Sante,Gori,3509873499
LiviaTravaglia,Livia,Travaglia,3703461672
SergiusBocca,Sergius,Bocca,3534055694
VictoriaTrincavelli,Victoria,Trincavelli,3505510002
SerafinaSantorio,Serafina,Santorio,3423293610
GiannaBarcaccia,Gianna,Barcaccia,3770938670
DoloresNosiglia,Dolores,Nosiglia,3914917743
RodolfoPareto,Rodolfo,Pareto,3780444867
OttavioSanti,Ottavio,Santi,3779295324
GiuseppinaValier,Giuseppina,Valier,3630030178
GianniAntonetti,Gianni,Antonetti,3770785680
RuggeroArgentero,Ruggero,Argentero,3520755772
SalvatoreSagese,Salvatore,Sagese,3494063830
BernardoTamburini,Bernardo,Tamburini,3520370546
MassimoCagnotto,Massimo,Cagnotto,3499026799
MartinoRomano,Martino,Romano,3463513833
GianlucaComisso,Gianluca,Comisso,3791395194
FabiaToso,Fabia,Toso,3974055387
FaustoTozzi,Fausto,Tozzi,3292388711
LucioMonicelli,Lucio,Monicelli,3783431642
VincenzaAndreozzi,Vincenza,Andreozzi,3391973777
ElviraViviani,Elvira,Viviani,3349690700
GioffreUdinesi,Gioffre,Udinesi,3609292632
AntoniettaRuberto,Antonietta,Ruberto,3908314048
AdrianoRusticucci,Adriano,Rusticucci,3755045104
AdelasiaZampa,Adelasia,Zampa,3509892904
AuroraSantorio,Aurora,Santorio,3455578296
BaldassareDoria,Baldassare,Doria,3510203521
AntonellaPezzali,Antonella,Pezzali,3859597441
GiorgioAnguissola,Giorgio,Anguissola,3434659555
AntonelloSemitecolo,Antonello,Semitecolo,3701170280
MorenaArgurio,Morena,Argurio,3701712376
DarioGregori,Dario,Gregori,3203717595
SerafinaVisconti,Serafina,Visconti,3505252135
FedericaCavalcanti,Federica,Cavalcanti,3714172624
GiacomoMazzi,Giacomo,Mazzi,3880032137
LuciaFuseli,Lucia,Fuseli,3703663370
OrlandoMorandini,Orlando,Morandini,3715354711
ChiaraMetella,Chiara,Metella,3757645399
DonatelloGiacometti,Donatello,Giacometti,3714219623
AlbericoCatalano,Alberico,Catalano,3703104868
TinaCarpaccio,Tina,Carpaccio,3244934471
DianaFalloppio,Diana,Falloppio,3681721263
MelaniaStein,Melania,Stein,3601732056
MatteoGravina,Matteo,Gravina,3394702531
PieroCasale,Piero,Casale,3622465277
NicolòProcacci,Nicolò,Procacci,3777436598
AmadeoRighi,Amadeo,Righi,3220768306
LodovicoFerrabosco,Lodovico,Ferrabosco,3512138233
CleliaDellucci,Clelia,Dellucci,3501100301
VitoCoardi,Vito,Coardi,3505830489
VittoriaMimun,Vittoria,Mimun,3517322119
PiergiuseppeZoppetti,Piergiuseppe,Zoppetti,3809793425
GloriaToscani,Gloria,Toscani,3458852422
CassandraMortati,Cassandra,Mortati,3755305919
LucaGalilei,Luca,Galilei,3854363020
ManuelCattaneo,Manuel,Cattaneo,3776778808
AlessandraPisacane,Alessandra,Pisacane,3311713930
CiroCatenazzi,Ciro,Catenazzi,3686720394
GiacobbeCristoforetti,Giacobbe,Cristoforetti,3835683873
DoloresPeruzzi,Dolores,Peruzzi,3816339135
AlbericoCaccianemico,Alberico,Caccianemico,3515390041
PuccioLiverotti,Puccio,Liverotti,3731617458
TorquatoCiani,Torquato,Ciani,3933258196
AgostinoGori,Agostino,Gori,3738136024
GinoProietti,Gino,Proietti,3202690138
TemistocleFalloppio,Temistocle,Falloppio,3270308225
ColuccioDulbecco,Coluccio,Dulbecco,3510355695
OrazioRicciardi,Orazio,Ricciardi,3501345131
RominaBajamonti,Romina,Bajamonti,3772492463
TorquatoDisdero,Torquato,Disdero,3393586063
TinaFederico,Tina,Federico,3908004360
MarcantonioCoardi,Marcantonio,Coardi,3500689766
StellaGottardi,Stella,Gottardi,3393288172
AntoninaCusano,Antonina,Cusano,3713170363
FortunataIadanza,Fortunata,Iadanza,3930364723
IsabellaOscuro,Isabella,Oscuro,3975665085
TorquatoCapuana,Torquato,Capuana,3760140112
CostanzoZampa,Costanzo,Zampa,3505811449
BenedettoTrentin,Benedetto,Trentin,3519014967
CarolinaGuglielmi,Carolina,Guglielmi,3711064890
SimonePalladio,Simone,Palladio,3710632480
GuarinoMorgagni,Guarino,Morgagni,3466067319
LucianaAsmundo,Luciana,Asmundo,3345130747
DonatelloStoppani,Donatello,Stoppani,3778030018
NinettaFranceschi,Ninetta,Franceschi,3852276600
OttoneProcacci,Ottone,Procacci,3604784310
EttoreMontecchi,Ettore,Montecchi,3517347767
LazzaroPergolesi,Lazzaro,Pergolesi,3510238951
AlbertoCagnotto,Alberto,Cagnotto,3296677896
SanteProdi,Sante,Prodi,3497097416
CamillaGarobbio,Camilla,Garobbio,3421246826
LilianaLombardi,Liliana,Lombardi,3389988833
GiacomoFinzi,Giacomo,Finzi,3500552566
PellegrinoLeonardi,Pellegrino,Leonardi,3715105347
FabiaBignami,Fabia,Bignami,3285341887
PiermariaPucci,Piermaria,Pucci,3375087921
FulvioBarese,Fulvio,Barese,3776067474
AntoniaCuratoli,Antonia,Curatoli,3200322299
StefanoPuglisi,Stefano,Puglisi,3714582973
MattiaMattarella,Mattia,Mattarella,3773708471
TizianoBocelli,Tiziano,Bocelli,3500267844
GraziellaFioravanti,Graziella,Fioravanti,3518587725
MartinaFarina,Martina,Farina,3516269276
GrecoSatriani,Greco,Satriani,3715855042
MichelangeloCabibbo,Michelangelo,Cabibbo,3732955839
PiergiorgioGradenigo,Piergiorgio,Gradenigo,3756747313
ArturoBorromini,Arturo,Borromini,3760515287
PatrizioValier,Patrizio,Valier,3778313027
GianpaoloBaroffio,Gianpaolo,Baroffio,3441126601
CassandraSoderini,Cassandra,Soderini,3505250588
SerafinaCrisafulli,Serafina,Crisafulli,3623896305
EnricoLiverotti,Enrico,Liverotti,3297249643
FabriziaSforza,Fabrizia,Sforza,3855582657
RobertoZichichi,Roberto,Zichichi,3466460703
CarlaFioravanti,Carla,Fioravanti,3779259319
GiulianaGalvani,Giuliana,Galvani,3918183370
AntoniettaGiannini,Antonietta,Giannini,3791290580
MarcantonioCoardi,Marcantonio,Coardi,3613170597
ElladioSatta,Elladio,Satta,3780564974
RosarioNatta,Rosario,Natta,3776124131
AlfioPolizzi,Alfio,Polizzi,3517343888
FernandaFederico,Fernanda,Federico,3793480407
PiergiuseppeVillarosa,Piergiuseppe,Villarosa,3513133412
LuisaLeonetti,Luisa,Leonetti,3358870631
AdelasiaChigi,Adelasia,Chigi,3793505570
LazzaroDuodo,Lazzaro,Duodo,3817006285
SebastianoTravia,Sebastiano,Travia,3496558063
VirginiaCuratoli,Virginia,Curatoli,3714645729
IppazioAldobrandi,Ippazio,Aldobrandi,3429688632
LuiginaProietti,Luigina,Proietti,3339692182
TinaNicolucci,Tina,Nicolucci,3500882862
AlbertoPastine,Alberto,Pastine,3829330374
OsvaldoTencalla,Osvaldo,Tencalla,3434257836
MarisaMengolo,Marisa,Mengolo,3778615131
CaterinaAriasso,Caterina,Ariasso,3417124768
FedericoBersani,Federico,Bersani,3494271380
PieroBembo,Piero,Bembo,3411874663
TinaJuvara,Tina,Juvara,3760022550
PanfiloNicolini,Panfilo,Nicolini,3710390068
PiergiuseppeOnio,Piergiuseppe,Onio,3971114480
LucaFederici,Luca,Federici,3617907366
FrancescaAporti,Francesca,Aporti,3831985271
MilenaSalandra,Milena,Salandra,3780387240
TemistoclePellico,Temistocle,Pellico,3779518029
GuidoCaironi,Guido,Caironi,3665417715
ArmandoCagnotto,Armando,Cagnotto,3453101386
LodovicoFilangieri,Lodovico,Filangieri,3703799606
EzioZamengo,Ezio,Zamengo,3773288913
AlfredoPininfarina,Alfredo,Pininfarina,3822971738
GastoneGigli,Gastone,Gigli,3496616892
MarisaAsmundo,Marisa,Asmundo,3703938885
LaurettaBlasi,Lauretta,Blasi,3792665354
GaetanoBernini,Gaetano,Bernini,3311110718
PierpaoloTagliafierro,Pierpaolo,Tagliafierro,3793611423
MatildaRubbia,Matilda,Rubbia,3534292202
GiadaMorricone,Giada,Morricone,3710542812
VincenzoTomasini,Vincenzo,Tomasini,3346970501
LinaAbbagnale,Lina,Abbagnale,3501269597
TizianaRapisardi,Tiziana,Rapisardi,3434401538
SandroMerisi,Sandro,Merisi,3288839423
CalcedonioBarcella,Calcedonio,Barcella,3311627836
AnitaMorricone,Anita,Morricone,3455955898
SandraGrossi,Sandra,Grossi,3520539786
MicheleGianinazzi,Michele,Gianinazzi,3792390256
ArturoGiulietti,Arturo,Giulietti,3348726445
LibertoVolta,Liberto,Volta,3779304310
MartinoNonis,Martino,Nonis,3661567972
GemmaPincherle,Gemma,Pincherle,3462024298
DanieleMusatti,Daniele,Musatti,3612331820
AnsaldoTotino,Ansaldo,Totino,3500324597
ViridianaPaoletti,Viridiana,Paoletti,3517894212
DaniloMannoia,Danilo,Mannoia,3501003063
LibertoSavorgnan,Liberto,Savorgnan,3459779578
FulvioSalata,Fulvio,Salata,3601473420
EnzoTasso,Enzo,Tasso,3755690584
NinaNibali,Nina,Nibali,3894160496
LucianaComisso,Luciana,Comisso,3517920250
BrunoCombi,Bruno,Combi,3776326823
ElladioStucchi,Elladio,Stucchi,3500909717
IlariaPerozzo,Ilaria,Perozzo,3783027873
PierinaMonaco,Pierina,Monaco,3348546404
GuidoUdinese,Guido,Udinese,3772115984
SimonettaCapecchi,Simonetta,Capecchi,3486859587
DanteBettin,Dante,Bettin,3480394617
FabriziaCalgari,Fabrizia,Calgari,3756380524
FabiaBonino,Fabia,Bonino,3350775839
RembrandtZola,Rembrandt,Zola,3716504761
VictoriaPertile,Victoria,Pertile,3772921291
AlfredoMuratori,Alfredo,Muratori,3974579775
VitoBellini,Vito,Bellini,3710622441
SoleCanova,Sole,Canova,3510827483
SeverinoMajorana,Severino,Majorana,3467207347
GraziellaStucchi,Graziella,Stucchi,3344899844
RaffaellaZamengo,Raffaella,Zamengo,3774349329
JolandaFederici,Jolanda,Federici,3757980796
VincenzoGarrone,Vincenzo,Garrone,3398537795
BartolomeoOstinelli,Bartolomeo,Ostinelli,3409629869
CalcedonioValier,Calcedonio,Valier,3625380739
MaurizioCamanni,Maurizio,Camanni,3803651947
AmadeoTraetta,Amadeo,Traetta,3935889321
VeronicaGonzaga,Veronica,Gonzaga,3791334467
AntoninaPetralli,Antonina,Petralli,3898662988
MarcoBerrè,Marco,Berrè,3355340639
LuigiTagliafierro,Luigi,Tagliafierro,3756765393
FlavioZaccardo,Flavio,Zaccardo,3314128507
CorradoGiacconi,Corrado,Giacconi,3518345516
AmaliaComolli,Amalia,Comolli,3510255253
EnzioMarsili,Enzio,Marsili,3300229381
AlphonsIannuzzi,Alphons,Iannuzzi,3791839497
ErmesChechi,Ermes,Chechi,3912230848
RosinaBelletini,Rosina,Belletini,3514765879
MiloAmaldi,Milo,Amaldi,3313242603
ArmandoOttino,Armando,Ottino,3756441691
GiovanniSerraglio,Giovanni,Serraglio,3757289946
RonaldoValentino,Ronaldo,Valentino,3755541006
DamianoMichelangeli,Damiano,Michelangeli,3511571244
MartinoVisintini,Martino,Visintini,3715394198
GriseldaGaito,Griselda,Gaito,3290644831
BereniceSagese,Berenice,Sagese,3500984539
MorenaSagnelli,Morena,Sagnelli,3455282487
DinoTommaseo,Dino,Tommaseo,3510859873
MattiaSerlupi,Mattia,Serlupi,3223842882
IsaMimun,Isa,Mimun,3399614313
TeresaSagnelli,Teresa,Sagnelli,3204308593
PierluigiPace,Pierluigi,Pace,3734971836
MariaGrasso,Maria,Grasso,3774966417
GianlucaFibonacci,Gianluca,Fibonacci,3897668378
ValentinaCapone,Valentina,Capone,3715972190
ArmandoTravaglio,Armando,Travaglio,3627507980
PierpaoloCampano,Pierpaolo,Campano,3468146651
AchilleBernetti,Achille,Bernetti,3773281634
LuiginaSokolov,Luigina,Sokolov,3450254374
SerafinaCendron,Serafina,Cendron,3331917108
GirolamoGualtieri,Girolamo,Gualtieri,3922866625
JolandaArmellini,Jolanda,Armellini,3233762678
ImeldaNotarbartolo,Imelda,Notarbartolo,3701825673
AntonioFerrucci,Antonio,Ferrucci,3713236746
GloriaMezzetta,Gloria,Mezzetta,3625954193
SylviaTamburello,Sylvia,Tamburello,3793505903
IdaZaccagnini,Ida,Zaccagnini,3888007390
PatriziaCipolla,Patrizia,Cipolla,3735206500
EmilioCipolla,Emilio,Cipolla,3714391546
EdoardoTonisto,Edoardo,Tonisto,3713097972
RosaZaccardo,Rosa,Zaccardo,3409423161
AlessandroTrupiano,Alessandro,Trupiano,3716099514
LuisaVecoli,Luisa,Vecoli,3779365876
AlbericoGradenigo,Alberico,Gradenigo,3783662189
FilippaCaruso,Filippa,Caruso,3501505183
PomponioBonatti,Pomponio,Bonatti,3452747562
PalomaStaglieno,Paloma,Staglieno,3441391126
GelsominaGianinazzi,Gelsomina,Gianinazzi,3821231678
NicoFoa,Nico,Foa,3518794964
GiancarloModigliani,Giancarlo,Modigliani,3770919946
OsvaldoZola,Osvaldo,Zola,3716394970
NeddaChiaramonte,Nedda,Chiaramonte,3311384432
FedeleSraffa,Fedele,Sraffa,3223271108
TullioMascheroni,Tullio,Mascheroni,3914513590
BaldassareToselli,Baldassare,Toselli,3735762167
DinaPertini,Dina,Pertini,3711011393
BenvenutoMontessori,Benvenuto,Montessori,3710092095
FloraBonaventura,Flora,Bonaventura,3732311198
MichelottoMoschino,Michelotto,Moschino,3735505013
GioacchinoCanova,Gioacchino,Canova,3757519010
FlavioParisi,Flavio,Parisi,3779925529
FedeleBosio,Fedele,Bosio,3319318318
IolandaBaresi,Iolanda,Baresi,3793351071
LucianaCamilleri,Luciana,Camilleri,3792148910
EraldoRuffini,Eraldo,Ruffini,3779215454
AlinaAlonzi,Alina,Alonzi,3518538845
FiorinoTrentini,Fiorino,Trentini,3370951238
BernardoVerga,Bernardo,Verga,3510530613
DariaAnastasi,Daria,Anastasi,3233505983
FedeleUbaldi,Fedele,Ubaldi,3733092181
GiuliaFoa,Giulia,Foa,3410759557
GabrielePavarotti,Gabriele,Pavarotti,3519539301
HugoMazzacurati,Hugo,Mazzacurati,3520768732
MaurilioMorosini,Maurilio,Morosini,3730897491
MassimilianoBarozzi,Massimiliano,Barozzi,3760266226
GianfrancescoParpinel,Gianfrancesco,Parpinel,3703258456
LeopoldoPacomio,Leopoldo,Pacomio,3520699955
CostanzoScaramucci,Costanzo,Scaramucci,3465996304
GermanaScarlatti,Germana,Scarlatti,3241077009
RoccoCarnera,Rocco,Carnera,3519498344
GilbertoArgurio,Gilberto,Argurio,3401118067
OrnellaCrespi,Ornella,Crespi,3711864595
BaccioTosi,Baccio,Tosi,3711525047
RuggeroNicolini,Ruggero,Nicolini,3688347984
ViridianaBoiardo,Viridiana,Boiardo,3520154207
GiuseppinaFalcone,Giuseppina,Falcone,3270876303
ParideBasso,Paride,Basso,3393196053
MichelangeloAporti,Michelangelo,Aporti,3352555703
LucianaCerutti,Luciana,Cerutti,3511930830
CaterinaCicala,Caterina,Cicala,3282570277
ElenaTarantini,Elena,Tarantini,3812718520
FiorinoAntonioni,Fiorino,Antonioni,3224662961
MarcelloVecellio,Marcello,Vecellio,3515272519
ElviraCarriera,Elvira,Carriera,3604013504
CassandraMonteverdi,Cassandra,Monteverdi,3739176010
RitaPorzio,Rita,Porzio,3711764459
AngelinaProietti,Angelina,Proietti,3783242211
AdrianoFederico,Adriano,Federico,3919486733
FilippoBalla,Filippo,Balla,3500091511
DanteVersace,Dante,Versace,3520714349
RaffaellinoGuariento,Raffaellino,Guariento,3281732357
EnnioBignami,Ennio,Bignami,3292255540
GioeleBruno,Gioele,Bruno,3715494682
OrnellaFantoni,Ornella,Fantoni,3839719827
TizianaGiannuzzi,Tiziana,Giannuzzi,3638321413
LetiziaScarpa,Letizia,Scarpa,3534904282
SergiusCarriera,Sergius,Carriera,3511220746
MircoTafuri,Mirco,Tafuri,3517932620
DamianoStaglieno,Damiano,Staglieno,3229180668
PierLeblanc,Pier,Leblanc,3774919746
MaurilioPavone,Maurilio,Pavone,3420095259
PierangeloMaccanelli,Pierangelo,Maccanelli,3500460258
EmmaMaglio,Emma,Maglio,3248553026
AdamoTiepolo,Adamo,Tiepolo,3824607957
NinaTaccola,Nina,Taccola,3500256372
GiorgioMaderno,Giorgio,Maderno,3772108427
FredoTutino,Fredo,Tutino,3777763641
AmandaMattarella,Amanda,Mattarella,3520885259
MirkoVeltroni,Mirko,Veltroni,3734442639
PiergiorgioMalatesta,Piergiorgio,Malatesta,3710155280
ClaudiaCasarin,Claudia,Casarin,3500184405
GabriellaMarcacci,Gabriella,Marcacci,3715587872
GabriellaScamarcio,Gabriella,Scamarcio,3852542988
LetiziaBuscetta,Letizia,Buscetta,3783912023
LaurettaParisi,Lauretta,Parisi,3701590081
DianaModugno,Diana,Modugno,3408218619
GirolamoGritti,Girolamo,Gritti,3384527491
MelinaBruno,Melina,Bruno,3703642274
CiroValentino,Ciro,Valentino,3515014783
VincentioTirabassi,Vincentio,Tirabassi,3249885723
GiorgiaBonaventura,Giorgia,Bonaventura,3901533646
AntoniaSilvestri,Antonia,Silvestri,3509727431
GeronimoCeschi,Geronimo,Ceschi,3412348093
GiorgiaGaluppi,Giorgia,Galuppi,3475419557
GianluigiScialpi,Gianluigi,Scialpi,3534689741
GiorgiaSimeoni,Giorgia,Simeoni,3287798200
MonicaLupo,Monica,Lupo,3793020942
PiergiorgioBongiorno,Piergiorgio,Bongiorno,3509826382
RosariaSegni,Rosaria,Segni,3737779742
ValerioLucarelli,Valerio,Lucarelli,3515503558
PietroBertoni,Pietro,Bertoni,3501880280
EraldoPisani,Eraldo,Pisani,3512211987
GiadaMarrone,Giada,Marrone,3290894695
TizianoFlaiano,Tiziano,Flaiano,3515974991
BernardoOrengo,Bernardo,Orengo,3737455371
UbaldoCallegaro,Ubaldo,Callegaro,3610909736
GiuliettaCapuana,Giulietta,Capuana,3318866166
RuggieroOnio,Ruggiero,Onio,3713539794
LuchinoMarrone,Luchino,Marrone,3500250986
RicciottiMaspero,Ricciotti,Maspero,3716741317
RonaldoRocca,Ronaldo,Rocca,3779568400
GrecaDuodo,Greca,Duodo,3249752624
SeverinoDeledda,Severino,Deledda,3501928445
AlessandraFilippini,Alessandra,Filippini,3779216063
VirgilioEinaudi,Virgilio,Einaudi,3533437904
BartolomeoOnio,Bartolomeo,Onio,3783363046
MichelangeloRomagnoli,Michelangelo,Romagnoli,3919133220
ChiaraTamburello,Chiara,Tamburello,3812500400
RolandoDoria,Rolando,Doria,3533420285
CirilloPepe,Cirillo,Pepe,3736704423
VictoriaVitturi,Victoria,Vitturi,3354809648
SerafinaSordi,Serafina,Sordi,3509143103
CostantinoRismondo,Costantino,Rismondo,3635143342
LucioTacchini,Lucio,Tacchini,3501512660
FaustoVendetti,Fausto,Vendetti,3355174314
ErmenegildoCampanella,Ermenegildo,Campanella,3308355598
SilvioTarantino,Silvio,Tarantino,3500534621
NeddaBrunello,Nedda,Brunello,3780528955
NadiaCicilia,Nadia,Cicilia,3363608525
RossanaCarnera,Rossana,Carnera,3515617683
GuidoCarullo,Guido,Carullo,3288639666
FernandaTutino,Fernanda,Tutino,3518737449
PanfiloCallegari,Panfilo,Callegari,3770822043
RomanaMarenzio,Romana,Marenzio,3311079111
GiovanniLupo,Giovanni,Lupo,3667087458
GianfrancescoNordio,Gianfrancesco,Nordio,3513032817
DonnaSforza,Donna,Sforza,3637741889
OrazioLeoncavallo,Orazio,Leoncavallo,3600609694
MarissaPizzetti,Marissa,Pizzetti,3783954828
PomponioDandolo,Pomponio,Dandolo,3534788514
LisaBarbarigo,Lisa,Barbarigo,3517252902
GiampaoloGoldstein,Giampaolo,Goldstein,3710901529
PaulinaSpallanzani,Paulina,Spallanzani,3414183940
AlessandroTurci,Alessandro,Turci,3512762775
AmandaToso,Amanda,Toso,3710867541
BeppePriuli,Beppe,Priuli,3466089937
AlfredoBabato,Alfredo,Babato,3710206990
VenancioPassalacqua,Venancio,Passalacqua,3701092842
LaureanoTozzi,Laureano,Tozzi,3770267621
EttaGiacconi,Etta,Giacconi,3520585447
AnnalisaBeccaria,Annalisa,Beccaria,3505437615
IppazioBalla,Ippazio,Balla,3500094778
MelinaVezzali,Melina,Vezzali,3285356554
AmletoAbbagnale,Amleto,Abbagnale,3513289489
AuroraNonis,Aurora,Nonis,3512000521
LucaFoletti,Luca,Foletti,3901198351
MiloGentileschi,Milo,Gentileschi,3822567755
RosaliaBarcaccia,Rosalia,Barcaccia,3891284901
DuranteLeonardi,Durante,Leonardi,3883739602
TizianoSmirnoff,Tiziano,Smirnoff,3774333296
FabiaMaglio,Fabia,Maglio,3913637393
FulvioMalipiero,Fulvio,Malipiero,3792422012
MarcoOdescalchi,Marco,Odescalchi,3777643812
MarissaPolesel,Marissa,Polesel,3533677441
SandroTarantino,Sandro,Tarantino,3512086897
ValentinaMicheletti,Valentina,Micheletti,3514868607
PiergiorgioInnocenti,Piergiorgio,Innocenti,3710421770
CarolinaNitto,Carolina,Nitto,3774556336
TizianaDallara,Tiziana,Dallara,3509194312
GiustinoCendron,Giustino,Cendron,3511494308
ErnestoToso,Ernesto,Toso,3715564309
MattiaGuarato,Mattia,Guarato,3395614553
BernardoBusoni,Bernardo,Busoni,3732401766
AlessandroPeano,Alessandro,Peano,3437114643
AtenulfGiradello,Atenulf,Giradello,3773712207
RomeoManunta,Romeo,Manunta,3519641177
TorquatoAgnesi,Torquato,Agnesi,3603849465
MichelangeloTrobbiani,Michelangelo,Trobbiani,3209862312
MichelaLeone,Michela,Leone,3533752919
AzeglioTurrini,Azeglio,Turrini,3710836462
SophiaLerner,Sophia,Lerner,3683493581
CarmeloMagrassi,Carmelo,Magrassi,3462537775
GiustinoRuggeri,Giustino,Ruggeri,3308039329
StefaniMannoia,Stefani,Mannoia,3622685973
FlaviaGuidotti,Flavia,Guidotti,3239519718
GiosuèSagnelli,Giosuè,Sagnelli,3247549513
ArnaldoLopresti,Arnaldo,Lopresti,3384359075
TelemacoAlfonsi,Telemaco,Alfonsi,3387432902
GrecaMorlacchi,Greca,Morlacchi,3515864818
PiersantiArgento,Piersanti,Argento,3714283465
OlgaInterminelli,Olga,Interminelli,3792345452
GiorgioVercelloni,Giorgio,Vercelloni,3776090042
EnnioGaiatto,Ennio,Gaiatto,3714354954
AnnamariaGuarneri,Annamaria,Guarneri,3664562529
DamianoVento,Damiano,Vento,3516064863
PasqualFilippelli,Pasqual,Filippelli,3732773743
LazzaroRamazzotti,Lazzaro,Ramazzotti,3778313190
EnzoImpastato,Enzo,Impastato,3715232082
CarolinaMarzorati,Carolina,Marzorati,3806002783
MilenaGritti,Milena,Gritti,3311384997
RodolfoGiunti,Rodolfo,Giunti,3405802414
AgnoloFarina,Agnolo,Farina,3515698440
VitoTotino,Vito,Totino,3500952949
NinaEinaudi,Nina,Einaudi,3491570796
CorradoAulenti,Corrado,Aulenti,3500488539
SabatinoParmitano,Sabatino,Parmitano,3805163083
MariaCatenazzi,Maria,Catenazzi,3510222271
GianfrancescoMilanesi,Gianfrancesco,Milanesi,3356525524
UbaldoRicciardi,Ubaldo,Ricciardi,3601811443
ElmoViola,Elmo,Viola,3491175691
GiovanniMannoia,Giovanni,Mannoia,3513308164
ElladioAgazzi,Elladio,Agazzi,3500935622
DariaTognazzi,Daria,Tognazzi,3519446534
ElenaCallegaro,Elena,Callegaro,3447841536
DonatellaMarino,Donatella,Marino,3200539006
NicolòAnastasi,Nicolò,Anastasi,3390105885
AlbertoSurian,Alberto,Surian,3371108950
LinaRaurica,Lina,Raurica,3684057130
SaverioBrichese,Saverio,Brichese,3776482238
MauraPratesi,Maura,Pratesi,3793490777
BarbaraMalpighi,Barbara,Malpighi,3905681074
LibertoScialpi,Liberto,Scialpi,3382406030
GiacintoAntonelli,Giacinto,Antonelli,3291231361
CleliaLeoncavallo,Clelia,Leoncavallo,3388685293
GloriaNolcini,Gloria,Nolcini,3793822933
DamianoTiepolo,Damiano,Tiepolo,3305170161
ErnestoGremese,Ernesto,Gremese,3448184877
MarianoBettoni,Mariano,Bettoni,3432210343
EmilioUdinesi,Emilio,Udinesi,3277096564
MilenaDossetti,Milena,Dossetti,3388190066
BereniceOscuro,Berenice,Oscuro,3628432503
FredoSalandra,Fredo,Salandra,3381522350
SantinoBerlusconi,Santino,Berlusconi,3810354342
GioffreZoppetti,Gioffre,Zoppetti,3664929231
VeronicaImpastato,Veronica,Impastato,3409180520
StefaniaLeonardi,Stefania,Leonardi,3534624398
ElladioGiulietti,Elladio,Giulietti,3804412118
ArnaldoCilibrasi,Arnaldo,Cilibrasi,3311972071
ArturoZaccagnini,Arturo,Zaccagnini,3304934986
ElladioCaracciolo,Elladio,Caracciolo,3287097358
GloriaCoardi,Gloria,Coardi,3311510559
GloriaCastelli,Gloria,Castelli,3511293747
GoffredoPeano,Goffredo,Peano,3293816761
GalassoVersace,Galasso,Versace,3918733983
IppazioCicilia,Ippazio,Cicilia,3760375163
LudovicoBenigni,Ludovico,Benigni,3533993339
OttoneTacchini,Ottone,Tacchini,3514291020
RomanaAldobrandi,Romana,Aldobrandi,3500170736
AntonellaVigliotti,Antonella,Vigliotti,3711013501
ViridianaPalombi,Viridiana,Palombi,3410507265
GuidoProcacci,Guido,Procacci,3347648675
AchilleGuidotti,Achille,Guidotti,3509659472
OsvaldoTroisi,Osvaldo,Troisi,3774211462
SilvestroRoccabonella,Silvestro,Roccabonella,3774000414
OttoneVianello,Ottone,Vianello,3893332634
VittoriaGori,Vittoria,Gori,3226203582
LazzaroVerdi,Lazzaro,Verdi,3814520167
IsabellaScarpa,Isabella,Scarpa,3239113630
AdeleGentileschi,Adele,Gentileschi,3494738032
AntonelloBrenna,Antonello,Brenna,3774746507
VirginiaParini,Virginia,Parini,3231714727
PierinaTrevisani,Pierina,Trevisani,3703533864
RenzoBoezio,Renzo,Boezio,3734832328
PaolettaSerao,Paoletta,Serao,3776483312
CarolinaArgan,Carolina,Argan,3922656861
DanieleMoschino,Daniele,Moschino,3498778031
LuiginaViviani,Luigina,Viviani,3534622328
AlessioMondadori,Alessio,Mondadori,3711404162
MiloSobrero,Milo,Sobrero,3978254782
AgostinoScotti,Agostino,Scotti,3772070747
CiprianoFerrabosco,Cipriano,Ferrabosco,3829728644
ElmoAngeli,Elmo,Angeli,3505641719
EugeniaOscuro,Eugenia,Oscuro,3629246305
GemmaRuberto,Gemma,Ruberto,3500007428
FlavioCanetta,Flavio,Canetta,3316174982
BenitoBurcardo,Benito,Burcardo,3774094783
CamillaComencini,Camilla,Comencini,3513057004
RaffaellaBiagi,Raffaella,Biagi,3703748373
SoniaCesaroni,Sonia,Cesaroni,3830523066
GianpietroDonini,Gianpietro,Donini,3517210043
GiovannaTozzi,Giovanna,Tozzi,3935426307
PriscillaMiniati,Priscilla,Miniati,3316707741
AngeloBoezio,Angelo,Boezio,3407287673
RosaMontalcini,Rosa,Montalcini,3483376608
AgnoloZabarella,Agnolo,Zabarella,3757945425
ErnestoPetrassi,Ernesto,Petrassi,3240246369
OrlandoGeraci,Orlando,Geraci,3779947466
GrecaPiovani,Greca,Piovani,3505802393
VincenzaPeranda,Vincenza,Peranda,3509631111
CristinaCastioni,Cristina,Castioni,3898278602
GioffreLeoncavallo,Gioffre,Leoncavallo,3793787558
ElianaCamuccini,Eliana,Camuccini,3281104008
PiersantiSurian,Piersanti,Surian,3912463817
BaldassareCostanzi,Baldassare,Costanzi,3291317657
GiampieroVolta,Giampiero,Volta,3973817983
RenataCaironi,Renata,Caironi,3442501708
MassimoMusatti,Massimo,Musatti,3224479061
ElianaFoà,Eliana,Foà,3783099072
IvanBombieri,Ivan,Bombieri,3937123108
LoredanaNovaro,Loredana,Novaro,3513522276
LuisaBenigni,Luisa,Benigni,3388754330
AlessioMontalti,Alessio,Montalti,3908856803
MarissaDellucci,Marissa,Dellucci,3232170660
PaoloGolino,Paolo,Golino,3472353862
LandoMontessori,Lando,Montessori,3429423280
NinoLeonardi,Nino,Leonardi,3223977372
AnnettaDurante,Annetta,Durante,3779082593
RosarioBandello,Rosario,Bandello,3518780568
ToninoFerrara,Tonino,Ferrara,3505733662
LinaZarlino,Lina,Zarlino,3480381165
OsvaldoPuccini,Osvaldo,Puccini,3509006116
JacopoMazzocchi,Jacopo,Mazzocchi,3628317895
LorettaTraetta,Loretta,Traetta,3774216501
CarolinaGianinazzi,Carolina,Gianinazzi,3772072167
OttoneCiampi,Ottone,Ciampi,3334958370
ErmenegildoBompiani,Ermenegildo,Bompiani,3716881876
AdelmoBottaro,Adelmo,Bottaro,3512843340
AdelasiaFogazzaro,Adelasia,Fogazzaro,3220625132
MichelottoManacorda,Michelotto,Manacorda,3234807685
MelinaCastelli,Melina,Castelli,3533671874
OttavioZoppetto,Ottavio,Zoppetto,3311873346
GiovannaLombardi,Giovanna,Lombardi,3497496597
LaraMaspero,Lara,Maspero,3338805187
RoccoSalvo,Rocco,Salvo,3701204327
GiancarloStrangio,Giancarlo,Strangio,3513653832
DonnaZecchini,Donna,Zecchini,3713386009
AmedeoPeano,Amedeo,Peano,3465445165
LibertoLanfranchi,Liberto,Lanfranchi,3776575235
ImeldaLombroso,Imelda,Lombroso,3755510722
GiadaAvogadro,Giada,Avogadro,3314185961
AngelicaOssani,Angelica,Ossani,3375790030
GiovanniGarrone,Giovanni,Garrone,3776608095
TizianoPagliaro,Tiziano,Pagliaro,3505782160
GalassoMonteverdi,Galasso,Monteverdi,3881409813
BenvenutoLettiere,Benvenuto,Lettiere,3711526907
PaulinaVillarosa,Paulina,Villarosa,3446899286
PomponioMorgagni,Pomponio,Morgagni,3793546777
NicoBianchini,Nico,Bianchini,3512556918
LetiziaCagnin,Letizia,Cagnin,3295943489
GiacobbeFuseli,Giacobbe,Fuseli,3402985010
GoffredoBoccherini,Goffredo,Boccherini,3390828623
SylviaSanudo,Sylvia,Sanudo,3430169218
ZairaCamuccini,Zaira,Camuccini,3407955919
SusannaTelesio,Susanna,Telesio,3772586330
AtenulfTafuri,Atenulf,Tafuri,3773968046
TemistocleFerrara,Temistocle,Ferrara,3455739969
MarcantonioDonà,Marcantonio,Donà,3603760908
CostantinoFinetti,Costantino,Finetti,3716842250
LambertoPizzetti,Lamberto,Pizzetti,3534060155
EraldoVerri,Eraldo,Verri,3894450103
GabriellaLattuada,Gabriella,Lattuada,3711644269
ZairaDellucci,Zaira,Dellucci,3477728398
DanieleTutino,Daniele,Tutino,3311561297
IrmaCampise,Irma,Campise,3757699030
MaurilioEndrizzi,Maurilio,Endrizzi,3533392820
CarmeloBottigliero,Carmelo,Bottigliero,3886382159
AnsaldoAlbertini,Ansaldo,Albertini,3715434976
LetiziaSperi,Letizia,Speri,3896728533
AnsaldoTartini,Ansaldo,Tartini,3533591690
GiustinoBoccaccio,Giustino,Boccaccio,3488929790
GiuliettaTrapanese,Giulietta,Trapanese,3409832771
AlfioFoletti,Alfio,Foletti,3689904783
GiosuèGualandi,Giosuè,Gualandi,3617284380
EmmaGargallo,Emma,Gargallo,3479537396
CarmeloInnocenti,Carmelo,Innocenti,3616270759
PietroMurialdo,Pietro,Murialdo,3376856480
CalogeroCagnin,Calogero,Cagnin,3713830626
AgnoloRighi,Agnolo,Righi,3770015725
LudovicoTorricelli,Ludovico,Torricelli,3233072470
GiorgioMortati,Giorgio,Mortati,3791261893
MichelottoZichichi,Michelotto,Zichichi,3777100273
FabiaRicci,Fabia,Ricci,3667247581
FabrizioPisano,Fabrizio,Pisano,3683616137
OresteCostalonga,Oreste,Costalonga,3398050244
AnnamariaPanzera,Annamaria,Panzera,3288482643
MelinaMajewski,Melina,Majewski,3716642352
DuranteBasadonna,Durante,Basadonna,3755374461
FlaviaVarano,Flavia,Varano,3352469725
FernandaBotticelli,Fernanda,Botticelli,3792962497
GraziellaCarducci,Graziella,Carducci,3715946078
ZairaBenigni,Zaira,Benigni,3632607806
LianaPraga,Liana,Praga,3518446561
PierangeloAngeli,Pierangelo,Angeli,3623061075
ValerioNaccari,Valerio,Naccari,3276995282
GianmarcoCannizzaro,Gianmarco,Cannizzaro,3777686397
EdoardoFibonacci,Edoardo,Fibonacci,3291522310
SoleTartini,Sole,Tartini,3247843025
AriaGianvecchio,Aria,Gianvecchio,3336235361
MicheleManacorda,Michele,Manacorda,3479734218
TizianaNicolini,Tiziana,Nicolini,3404001047
RaffaeleBevilacqua,Raffaele,Bevilacqua,3500351372
IvoAntonini,Ivo,Antonini,3509425228
FabiaAntonini,Fabia,Antonini,3770079456
GioachinoDonini,Gioachino,Donini,3510828714
TullioAnguissola,Tullio,Anguissola,3933228364
LoredanaCagnin,Loredana,Cagnin,3516638386
LucreziaLattuada,Lucrezia,Lattuada,3520368573
GirolamoColletti,Girolamo,Colletti,3500638727
DionigiProdi,Dionigi,Prodi,3280421309
AntoninoIacobucci,Antonino,Iacobucci,3517446255
BenedettoGagliano,Benedetto,Gagliano,3519836600
MelissaTornatore,Melissa,Tornatore,3514609223
RobertoFoletti,Roberto,Foletti,3505311295
RoccoCorbo,Rocco,Corbo,3311922627
ColuccioAmato,Coluccio,Amato,3378989718
ClaudioColumbo,Claudio,Columbo,3825397282
PaoloSoffici,Paolo,Soffici,3819138056
GelsominaToselli,Gelsomina,Toselli,3447244671
LazzaroValentino,Lazzaro,Valentino,3311277684
FerdinandoTravaglio,Ferdinando,Travaglio,3516106431
PaolettaZacco,Paoletta,Zacco,3713255784
BaccioPetrocelli,Baccio,Petrocelli,3474101307
ErmesRegge,Ermes,Regge,3774195988
JacopoZetticci,Jacopo,Zetticci,3451617941
CalcedonioChiappetta,Calcedonio,Chiappetta,3609754151
RuggeroAlmagià,Ruggero,Almagià,3534440919
GiacintoToselli,Giacinto,Toselli,3716938088
MarcantonioAldobrandi,Marcantonio,Aldobrandi,3623233552
MarcelloTurrini,Marcello,Turrini,3831522587
PuccioTuzzolino,Puccio,Tuzzolino,3311983808
PellegrinoMantegna,Pellegrino,Mantegna,3510015614
MicheleLigorio,Michele,Ligorio,3552521269
CassandraAndreotti,Cassandra,Andreotti,3270744816
SalviPertile,Salvi,Pertile,3301274092
SalvatoreLeopardi,Salvatore,Leopardi,3275329574
AntoniettaSegrè,Antonietta,Segrè,3783950383
OsvaldoPetrocelli,Osvaldo,Petrocelli,3792085735
BenitoFranscini,Benito,Franscini,3714831775
GiustinoAndreotti,Giustino,Andreotti,3278864109
GoffredoGrasso,Goffredo,Grasso,3853083493
AlfioBorromini,Alfio,Borromini,3850917476
FlavioSperi,Flavio,Speri,3783176200
MiloMorellato,Milo,Morellato,3505391221
RicciottiCavalcanti,Ricciotti,Cavalcanti,3534980305
AlderanoZoppetti,Alderano,Zoppetti,3668391597
EnnioVezzali,Ennio,Vezzali,3773197273
OlgaSermonti,Olga,Sermonti,3319363697
AuroraDraghi,Aurora,Draghi,3661085936
FrancoContrafatto,Franco,Contrafatto,3731610981
TullioVersace,Tullio,Versace,3669111504
DuranteSokolov,Durante,Sokolov,3930162694
AdelmoBajardi,Adelmo,Bajardi,3517896907
LuigiRocca,Luigi,Rocca,3733625955
LiciaGinese,Licia,Ginese,3457891909
DanielePizziol,Daniele,Pizziol,3477464118
MelinaBonino,Melina,Bonino,3509833117
DonatoPetrucelli,Donato,Petrucelli,3473459149
AmadeoDruso,Amadeo,Druso,3534998666
EttaLucarelli,Etta,Lucarelli,3851039398
IlariaFabrizi,Ilaria,Fabrizi,3736405066
RuggieroDulbecco,Ruggiero,Dulbecco,3793259523
MartinaPasolini,Martina,Pasolini,3793320492
SerafinaMuti,Serafina,Muti,3773812693
FilippaZoppetto,Filippa,Zoppetto,3772205428
RicciottiRuffini,Ricciotti,Ruffini,3424632819
LisaCesarotti,Lisa,Cesarotti,3793985329
GraziellaGinese,Graziella,Ginese,3812079894
BrunoGarobbio,Bruno,Garobbio,3635482046
