full_name,first_name,last_name,number
BiagioVenditti,Biagio,Venditti,3352065041
LeonardoGigli,Leonardo,Gigli,3398714517
CristinaCoardi,Cristina,Coardi,3779737384
DinoGozzi,Dino,Gozzi,3625239845
FulvioBassi,Fulvio,Bassi,3780235832
EmilioPedrazzini,Emilio,Pedrazzini,3780756908
GiuliettaDovara,Giulietta,Dovara,3358336429
MariaFerrara,Maria,Ferrara,3520976773
PuccioVenditti,Puccio,Venditti,3241477816
RamonaSoranzo,Ramona,Soranzo,3505862792
NeddaSantoro,Nedda,Santoro,3276304106
ArnaldoUbaldi,Arnaldo,Ubaldi,3501907356
GiacintoGovoni,Giacinto,Govoni,3428850019
RominaBarese,Romina,Barese,3533758482
IppazioBranciforte,Ippazio,Branciforte,3513443501
MichelottoBotticelli,Michelotto,Botticelli,3515832424
GrazianoNosiglia,Graziano,Nosiglia,3755177941
FernandaSobrero,Fernanda,Sobrero,3509838004
MaurizioOssola,Maurizio,Ossola,3667447107
CiprianoSalieri,Cipriano,Salieri,3518149488
CarlaBellocchio,Carla,Bellocchio,3231563524
CassandraVercelloni,Cassandra,Vercelloni,3294010856
ClaudiaFarinelli,Claudia,Farinelli,3514002648
LazzaroBuonauro,Lazzaro,Buonauro,3505585659
RosariaDallara,Rosaria,Dallara,3890041245
PinaSquarcione,Pina,Squarcione,3405348920
AzeglioBalbo,Azeglio,Balbo,3710836659
ElianaSordi,Eliana,Sordi,3509188637
IdaPizziol,Ida,Pizziol,3358765998
ValeriaAngiolello,Valeria,Angiolello,3602155549
OttavioManacorda,Ottavio,Manacorda,3905151897
LidiaMedici,Lidia,Medici,3510153291
MarinaBataglia,Marina,Bataglia,3715800974
DoloresImpastato,Dolores,Impastato,3472948029
OrlandoGuarneri,Orlando,Guarneri,3552422273
LuciaGiulietti,Lucia,Giulietti,3419501438
LidiaBerengario,Lidia,Berengario,3731038802
SolePizzo,Sole,Pizzo,3617692195
LeopoldoBodoni,Leopoldo,Bodoni,3501707005
EnzioBocelli,Enzio,Bocelli,3711860072
GiuliaInnocenti,Giulia,Innocenti,3518325778
AmaliaSalata,Amalia,Salata,3776635342
BaccioDuse,Baccio,Duse,3534758568
EnnioCavanna,Ennio,Cavanna,3666136710
LeonardoLippomano,Leonardo,Lippomano,3500692742
PaolaMorabito,Paola,Morabito,3713280823
TemistocleAntonucci,Temistocle,Antonucci,3517402143
GiuliettaBianchini,Giulietta,Bianchini,3813562675
EnzoSagredo,Enzo,Sagredo,3510896129
OrlandoBattisti,Orlando,Battisti,3505141087
PatriziaNadi,Patrizia,Nadi,3454562763
DinaAlonzi,Dina,Alonzi,3275240721
AuroraSamele,Aurora,Samele,3290295629
VirginiaSimeoni,Virginia,Simeoni,3710495784
AnnamariaPacomio,Annamaria,Pacomio,3295470057
AgnoloLuxardo,Agnolo,Luxardo,3550773947
SebastianoLegnante,Sebastiano,Legnante,3519884806
CarolinaLuna,Carolina,Luna,3517598246
IvoGiannini,Ivo,Giannini,3468157609
LilianaLamborghini,Liliana,Lamborghini,3381207946
AtenulfCamiscione,Atenulf,Camiscione,3936393515
JacopoTurchetta,Jacopo,Turchetta,3505198890
FortunataCombi,Fortunata,Combi,3357804780
TatianaForza,Tatiana,Forza,3770454500
GalassoBosurgi,Galasso,Bosurgi,3515299987
LillaBruno,Lilla,Bruno,3710584931
JolandaSantorio,Jolanda,Santorio,3492632515
CaterinaPrati,Caterina,Prati,3731333037
DuranteBajardi,Durante,Bajardi,3282210861
TorquatoInterminelli,Torquato,Interminelli,3517701942
LudovicaMezzetta,Ludovica,Mezzetta,3436623220
GianluigiCusano,Gianluigi,Cusano,3339939094
ValerioPucci,Valerio,Pucci,3510089998
MatteoZanichelli,Matteo,Zanichelli,3756164060
GioffrePalombi,Gioffre,Palombi,3512246284
GraziellaBernini,Graziella,Bernini,3855504905
ArmandoInzaghi,Armando,Inzaghi,3354416106
MarianoCeci,Mariano,Ceci,3550805874
RaffaellinoMengolo,Raffaellino,Mengolo,3660669599
ArsenioCanova,Arsenio,Canova,3297622799
VirginiaPavone,Virginia,Pavone,3534479753
AllegraFerragni,Allegra,Ferragni,3520732707
AmedeoPiane,Amedeo,Piane,3505030593
NinettaTrobbiani,Ninetta,Trobbiani,3780270665
AlinaDoglioni,Alina,Doglioni,3405745021
DonatellaFerrata,Donatella,Ferrata,3311203828
TorquatoArgan,Torquato,Argan,3395396616
LillaFerragni,Lilla,Ferragni,3224663373
FederigoAntonacci,Federigo,Antonacci,3803584424
UgoCristoforetti,Ugo,Cristoforetti,3427652049
SeverinoCristoforetti,Severino,Cristoforetti,3520174680
GiacintoBorgia,Giacinto,Borgia,3236795757
AngeloCastelli,Angelo,Castelli,3377897391
AriaMattarella,Aria,Mattarella,3820267395
GiulianoBonatti,Giuliano,Bonatti,3826329968
RuggieroFerrabosco,Ruggiero,Ferrabosco,3772950408
GuarinoDonà,Guarino,Donà,3791202416
BiancaPisacane,Bianca,Pisacane,3234879947
FortunataFavata,Fortunata,Favata,3802067189
RaimondoAntonetti,Raimondo,Antonetti,3711935459
GioachinoCapecchi,Gioachino,Capecchi,3553604965
ToniaBianchi,Tonia,Bianchi,3887158889
LoredanaFinetti,Loredana,Finetti,3462241138
PietroFiorucci,Pietro,Fiorucci,3248359505
BeppeCallegari,Beppe,Callegari,3514588029
AlessandraBasso,Alessandra,Basso,3793746251
RuggieroGatto,Ruggiero,Gatto,3516618894
CeciliaRensi,Cecilia,Rensi,3783951100
AmandaSommaruga,Amanda,Sommaruga,3703257898
ErmannoLattuada,Ermanno,Lattuada,3517840722
CassandraGaito,Cassandra,Gaito,3772505823
GianfrancescoSerao,Gianfrancesco,Serao,3825542124
FredoChiesa,Fredo,Chiesa,3776684090
ValentinaMurialdo,Valentina,Murialdo,3353671388
StefanoPaoletti,Stefano,Paoletti,3613564097
NicolettaTroisi,Nicoletta,Troisi,3517832367
MassimoBellocchio,Massimo,Bellocchio,3335003834
AlfioDonà,Alfio,Donà,3280950062
SilviaFoscari,Silvia,Foscari,3511952652
MarianoBandello,Mariano,Bandello,3515074193
BartolomeoTomasetti,Bartolomeo,Tomasetti,3501201432
RanieriNaccari,Ranieri,Naccari,3512064848
LillaFagiani,Lilla,Fagiani,3802603874
SylviaCallegaro,Sylvia,Callegaro,3832546331
ConcettaGianetti,Concetta,Gianetti,3701916973
FiorinoDraghi,Fiorino,Draghi,3311462576
GalassoSchiavone,Galasso,Schiavone,3714727674
PierinaGrasso,Pierina,Grasso,3534671175
MatildaGangemi,Matilda,Gangemi,3773703292
MattiaTurrini,Mattia,Turrini,3489717596
ClaudioNosiglia,Claudio,Nosiglia,3714342925
CiprianoBacosi,Cipriano,Bacosi,3773297829
DonatelloCorrer,Donatello,Correr,3555436147
VincenzoVitturi,Vincenzo,Vitturi,3336808652
DanteLeoncavallo,Dante,Leoncavallo,3770670625
MassimoMancini,Massimo,Mancini,3919217777
FabioDraghi,Fabio,Draghi,3938262603
PalomaManolesso,Paloma,Manolesso,3430546840
VirgilioAulenti,Virgilio,Aulenti,3909421455
GrecoPanatta,Greco,Panatta,3519248713
LeonePezzali,Leone,Pezzali,3370324261
GioachinoMarconi,Gioachino,Marconi,3792403607
AlinaCerutti,Alina,Cerutti,3419815510
DomenicoCanova,Domenico,Canova,3770583542
ErmenegildoTafuri,Ermenegildo,Tafuri,3487626377
GianmarcoFinotto,Gianmarco,Finotto,3608442166
NicolettaLombardi,Nicoletta,Lombardi,3701513271
SandroPaltrinieri,Sandro,Paltrinieri,3973860493
TizianoDonati,Tiziano,Donati,3396043103
AzeglioFagiani,Azeglio,Fagiani,3774243654
BiagioAdinolfi,Biagio,Adinolfi,3938807819
OsvaldoMonicelli,Osvaldo,Monicelli,3505168874
VenancioVigliotti,Venancio,Vigliotti,3793751767
NinaChittolini,Nina,Chittolini,3703512523
GiampaoloBersani,Giampaolo,Bersani,3390147145
ArmandoGabba,Armando,Gabba,3756036741
FulvioGiammusso,Fulvio,Giammusso,3514116603
RominaPacetti,Romina,Pacetti,3713682191
NicoPraga,Nico,Praga,3791800064
MichelottoGaribaldi,Michelotto,Garibaldi,3819519243
IppazioGoldoni,Ippazio,Goldoni,3755498467
MartaBeccheria,Marta,Beccheria,3533168128
SantinoPolani,Santino,Polani,3316855845
FredoRenzi,Fredo,Renzi,3973113697
GuarinoBadoer,Guarino,Badoer,3715872353
UgolinoLollobrigida,Ugolino,Lollobrigida,3851513783
GabriellaGranatelli,Gabriella,Granatelli,3757836231
CarolinaScarlatti,Carolina,Scarlatti,3755831891
AldoGrasso,Aldo,Grasso,3756623948
PuccioFibonacci,Puccio,Fibonacci,3770346701
MarisaTrebbi,Marisa,Trebbi,3559029402
AlinaIacovelli,Alina,Iacovelli,3513126221
ValeriaFracci,Valeria,Fracci,3349860859
BiancaPirandello,Bianca,Pirandello,3345500124
IolandaGiorgetti,Iolanda,Giorgetti,3711260915
LinaComencini,Lina,Comencini,3433091002
SusannaUdinese,Susanna,Udinese,3772726623
MarcelloRenault,Marcello,Renault,3853803086
ArmandoSpadafora,Armando,Spadafora,3778402775
AdrianaScandone,Adriana,Scandone,3248292185
AmletoBertoni,Amleto,Bertoni,3755921063
MaurizioFerragamo,Maurizio,Ferragamo,3519552375
MichelaGaiatto,Michela,Gaiatto,3517382000
EmmaTurati,Emma,Turati,3627213617
GiuliaFerrabosco,Giulia,Ferrabosco,3520999912
CristinaNugnes,Cristina,Nugnes,3925821028
TinaCamuccini,Tina,Camuccini,3770517190
IgnazioBadoglio,Ignazio,Badoglio,3735999368
BeatriceGiannelli,Beatrice,Giannelli,3513566910
LisaCastiglione,Lisa,Castiglione,3490783497
PatriziaCuda,Patrizia,Cuda,3713661311
NadiaAnguillara,Nadia,Anguillara,3701454946
OlgaVercelloni,Olga,Vercelloni,3383285203
RodolfoTamburello,Rodolfo,Tamburello,3401950372
ManuelZamengo,Manuel,Zamengo,3467235517
MatteoTerragni,Matteo,Terragni,3517071227
CesareGaluppi,Cesare,Galuppi,3514962305
GuidoPavarotti,Guido,Pavarotti,3281815270
PaulinaGasperi,Paulina,Gasperi,3713140878
SolePertile,Sole,Pertile,3715450035
PuccioPirandello,Puccio,Pirandello,3220571193
MartinoNonis,Martino,Nonis,3938388723
SergiusInterminei,Sergius,Interminei,3611193706
FredoVergassola,Fredo,Vergassola,3346084411
MarissaAccardo,Marissa,Accardo,3714703736
SalvatorePoerio,Salvatore,Poerio,3701259247
BenvenutoValentino,Benvenuto,Valentino,3510355985
DonatoFuseli,Donato,Fuseli,3289459476
VirgilioIacovelli,Virgilio,Iacovelli,3791603322
OrazioTotino,Orazio,Totino,3688181648
GraziellaNitti,Graziella,Nitti,3510346480
ChiaraGrimani,Chiara,Grimani,3382210526
GrecaAgostinelli,Greca,Agostinelli,3509222154
DomenicoMalatesta,Domenico,Malatesta,3510220363
BenvenutoOrsini,Benvenuto,Orsini,3859704478
PierpaoloMarazzi,Pierpaolo,Marazzi,3520333479
PierBabbo,Pier,Babbo,3517613081
GilbertoMonaco,Gilberto,Monaco,3555237751
SabatinoTrapani,Sabatino,Trapani,3454448171
RaimondoLegnante,Raimondo,Legnante,3780783844
MargheritaTassoni,Margherita,Tassoni,3534422296
MartinoLombardi,Martino,Lombardi,3311882083
LaureanoTreccani,Laureano,Treccani,3602789713
RicciottiSokolov,Ricciotti,Sokolov,3371716190
AmadeoBattelli,Amadeo,Battelli,3520601542
MaurilioRossini,Maurilio,Rossini,3776774419
AmicoStrangio,Amico,Strangio,3770857478
RosinaPratesi,Rosina,Pratesi,3465563744
ElianaMusatti,Eliana,Musatti,3311510845
CassandraRuberto,Cassandra,Ruberto,3739984473
AntonioBabbo,Antonio,Babbo,3419458685
JolandaScarponi,Jolanda,Scarponi,3311812636
PieroTrentini,Piero,Trentini,3792398259
DianaMarcacci,Diana,Marcacci,3710811932
EugeniaRaimondi,Eugenia,Raimondi,3774708557
CleliaScalfaro,Clelia,Scalfaro,3350985133
TullioGangemi,Tullio,Gangemi,3776086150
RenataDeledda,Renata,Deledda,3510320424
LudovicoMalacarne,Ludovico,Malacarne,3516574733
OsvaldoSommaruga,Osvaldo,Sommaruga,3501790108
EraldoCerutti,Eraldo,Cerutti,3533541484
VanessaContrafatto,Vanessa,Contrafatto,3919937704
AntonioBenigni,Antonio,Benigni,3711067224
FiorenzoTresoldi,Fiorenzo,Tresoldi,3780475351
GionataVeltroni,Gionata,Veltroni,3773165241
SusannaGarzoni,Susanna,Garzoni,3353233565
PiergiorgioMogherini,Piergiorgio,Mogherini,3715351858
AlessioPalladio,Alessio,Palladio,3808100324
SandraPetrassi,Sandra,Petrassi,3703037766
SebastianoCarocci,Sebastiano,Carocci,3710781378
PaoloBorsellino,Paolo,Borsellino,3458178002
SabatinoGuarneri,Sabatino,Guarneri,3791861633
GiulianaChittolini,Giuliana,Chittolini,3453727171
LibertoTrapanese,Liberto,Trapanese,3207817604
NinoPiane,Nino,Piane,3499269988
NanniBerlusconi,Nanni,Berlusconi,3463215795
MauraRenzi,Maura,Renzi,3287579709
FrancescaAbbagnale,Francesca,Abbagnale,3514560784
RenataVercelloni,Renata,Vercelloni,3466807630
RembrandtMarangoni,Rembrandt,Marangoni,3791107803
GuglielmoBarcaccia,Guglielmo,Barcaccia,3515612512
SaverioLombardi,Saverio,Lombardi,3600459543
LucianaCainero,Luciana,Cainero,3905705491
LilianaSolari,Liliana,Solari,3780888600
AlbericoScamarcio,Alberico,Scamarcio,3516826346
SaverioRossetti,Saverio,Rossetti,3470790481
ParideVolterra,Paride,Volterra,3921254507
NicolòBoccherini,Nicolò,Boccherini,3369917957
BiagioCociarelli,Biagio,Cociarelli,3513304954
BenvenutoInnocenti,Benvenuto,Innocenti,3901246310
PiergiuseppeRusso,Piergiuseppe,Russo,3662791172
PomponioMaccanelli,Pomponio,Maccanelli,3933703428
GilbertoFolliero,Gilberto,Folliero,3773115520
AriaBianchi,Aria,Bianchi,3686251139
ArmandoModiano,Armando,Modiano,3701108041
AmedeoMocenigo,Amedeo,Mocenigo,3667363169
LorenzoMicheletti,Lorenzo,Micheletti,3821172640
SerafinaPanzera,Serafina,Panzera,3298715587
LuisaScarfoglio,Luisa,Scarfoglio,3505556580
LucianoFo,Luciano,Fo,3368655530
DaniloDonati,Danilo,Donati,3205851055
CirilloBruno,Cirillo,Bruno,3813211472
BernardoFoscari,Bernardo,Foscari,3716877945
UgolinoSantoro,Ugolino,Santoro,3701820374
RomoloRuberto,Romolo,Ruberto,3776166256
AlphonsMichelangeli,Alphons,Michelangeli,3505813275
RamonaGuidotti,Ramona,Guidotti,3494886788
AlderanoCocci,Alderano,Cocci,3806603824
AntoniettaMercati,Antonietta,Mercati,3774387397
SilvioGermano,Silvio,Germano,3397333380
GianniMalatesta,Gianni,Malatesta,3710170144
BrunoMalaparte,Bruno,Malaparte,3505088498
PuccioGuinizzelli,Puccio,Guinizzelli,3793814797
AldoMastroianni,Aldo,Mastroianni,3331254549
FiorinoSaracino,Fiorino,Saracino,3629098131
SilviaMastroianni,Silvia,Mastroianni,3516637581
EvaSagredo,Eva,Sagredo,3791194803
MichelangeloAlmagià,Michelangelo,Almagià,3783609658
PierRicci,Pier,Ricci,3373824795
UmbertoMartinelli,Umberto,Martinelli,3793147710
AllegraFerraris,Allegra,Ferraris,3399401122
IgnazioSauli,Ignazio,Sauli,3241453474
AnnettaBenigni,Annetta,Benigni,3738300298
OttavioPalmisano,Ottavio,Palmisano,3628137914
GianluigiFabbri,Gianluigi,Fabbri,3308409810
LorettaBonomo,Loretta,Bonomo,3777799968
AlfredoPacomio,Alfredo,Pacomio,3760186564
FlaviaPacomio,Flavia,Pacomio,3783510514
MatildaGoldstein,Matilda,Goldstein,3416473404
EttoreFicino,Ettore,Ficino,3756712913
AmandaToscani,Amanda,Toscani,3617439306
NicolaLuzi,Nicola,Luzi,3773963309
FedeleTomasetti,Fedele,Tomasetti,3505231162
AmedeoGabrieli,Amedeo,Gabrieli,3792810455
LorettaRizzoli,Loretta,Rizzoli,3828537558
FloraCastelli,Flora,Castelli,3783231291
CaterinaBernetti,Caterina,Bernetti,3244620633
LandoSaraceno,Lando,Saraceno,3458817853
BaccioVolta,Baccio,Volta,3614879723
DamianoSagredo,Damiano,Sagredo,3730994561
DonatelloSpinola,Donatello,Spinola,3757729573
MirkoSansoni,Mirko,Sansoni,3821938070
GianPizzetti,Gian,Pizzetti,3460103971
IrmaSbarbaro,Irma,Sbarbaro,3550370731
GiustinoJilani,Giustino,Jilani,3289238376
MiloNicolini,Milo,Nicolini,3281712979
AldoEmanuelli,Aldo,Emanuelli,3853633379
NinettaBorsiere,Ninetta,Borsiere,3715470445
SanteVirgilio,Sante,Virgilio,3734382825
AntoniettaZanzi,Antonietta,Zanzi,3859504588
MercedesZichichi,Mercedes,Zichichi,3404131810
NicolaCondoleo,Nicola,Condoleo,3505509782
MaurilioCuriel,Maurilio,Curiel,3234678195
GiadaTorricelli,Giada,Torricelli,3381467344
GianniLetta,Gianni,Letta,3513316457
GiorgiaVeneziano,Giorgia,Veneziano,3516408974
RuggeroIannuzzi,Ruggero,Iannuzzi,3760592553
SalvatoreSibilia,Salvatore,Sibilia,3757127103
MichelangeloScarpa,Michelangelo,Scarpa,3419536792
EttaVespucci,Etta,Vespucci,3756442217
EvaBorsellino,Eva,Borsellino,3484325595
AntoniaBataglia,Antonia,Bataglia,3710133703
RaffaellinoSpanevello,Raffaellino,Spanevello,3518773081
MarcantonioFieramosca,Marcantonio,Fieramosca,3623503897
OrlandoGarrone,Orlando,Garrone,3396427863
IvoMicheletti,Ivo,Micheletti,3780454057
PiergiuseppeFornaciari,Piergiuseppe,Fornaciari,3680327651
GiuliaIannuzzi,Giulia,Iannuzzi,3778235429
DariaMoschino,Daria,Moschino,3770835797
CoriolanoPisacane,Coriolano,Pisacane,3534421543
ImeldaRaimondi,Imelda,Raimondi,3387521581
PierluigiCilibrasi,Pierluigi,Cilibrasi,3662833926
FaustoSatta,Fausto,Satta,3770099205
AgnoloOrsini,Agnolo,Orsini,3716376198
NinoZoppetti,Nino,Zoppetti,3317862161
AlinaBrancaccio,Alina,Brancaccio,3664683167
AdamoGianetti,Adamo,Gianetti,3505040265
AlbericoLonghena,Alberico,Longhena,3443777070
VeronicaBenussi,Veronica,Benussi,3353768600
MaurilioPirandello,Maurilio,Pirandello,3516985504
EttoreAndreozzi,Ettore,Andreozzi,3939180671
LucianaFieramosca,Luciana,Fieramosca,3405376932
LiciaSforza,Licia,Sforza,3293718096
MauraCarosone,Maura,Carosone,3520935501
MelinaTomaselli,Melina,Tomaselli,3807879753
SandraMascheroni,Sandra,Mascheroni,3880718848
GiulianaBettoni,Giuliana,Bettoni,3453815897
AngelinaFerrazzi,Angelina,Ferrazzi,3412272972
AlphonsCilibrasi,Alphons,Cilibrasi,3920558878
MarissaFantoni,Marissa,Fantoni,3398819675
CarmeloFederici,Carmelo,Federici,3689471005
GiuseppinaBalotelli,Giuseppina,Balotelli,3500965425
PiergiuseppeCugia,Piergiuseppe,Cugia,3792997426
ValentinaChiesa,Valentina,Chiesa,3232183235
GiampieroPolizzi,Giampiero,Polizzi,3554478935
AntoninaMontanari,Antonina,Montanari,3447182567
CalogeroPulci,Calogero,Pulci,3372403027
DoloresNonis,Dolores,Nonis,3612234538
DamianoPetrucelli,Damiano,Petrucelli,3713703926
MartinoCostanzi,Martino,Costanzi,3835382107
CoriolanoPedersoli,Coriolano,Pedersoli,3779374652
ValeriaFavata,Valeria,Favata,3505638323
SilvestroPorzio,Silvestro,Porzio,3669511169
FlavioSegrè,Flavio,Segrè,3518820893
SaverioCasini,Saverio,Casini,3313226247
MarianoDraghi,Mariano,Draghi,3701951480
IvanSaracino,Ivan,Saracino,3501339425
EvaTropea,Eva,Tropea,3701180720
PatrizioRavaglioli,Patrizio,Ravaglioli,3488898049
AnnamariaBruno,Annamaria,Bruno,3519353563
LaraCesaroni,Lara,Cesaroni,3667810221
FrancescoNiggli,Francesco,Niggli,3375958961
RominaBabato,Romina,Babato,3511245065
MartinoCoardi,Martino,Coardi,3311796927
NicolettaZanzi,Nicoletta,Zanzi,3710647708
PieroModugno,Piero,Modugno,3242150799
GiulioMantegna,Giulio,Mantegna,3311407216
ValeriaGottardi,Valeria,Gottardi,3783810049
ChiaraViola,Chiara,Viola,3246802771
RosinaBenigni,Rosina,Benigni,3713274313
NiccolòPascarella,Niccolò,Pascarella,3606053447
VincenzaAntelami,Vincenza,Antelami,3772066336
AlinaBianchini,Alina,Bianchini,3756086665
MargheritaPavanello,Margherita,Pavanello,3408711692
MarissaMarconi,Marissa,Marconi,3297448976
EdoardoNicolucci,Edoardo,Nicolucci,3836679645
AchilleRavaglioli,Achille,Ravaglioli,3413461654
PaolaCasellati,Paola,Casellati,3772644394
EugeniaFolliero,Eugenia,Folliero,3713871607
LetiziaMatteotti,Letizia,Matteotti,3756070991
GiustinoMazzacurati,Giustino,Mazzacurati,3715350586
GastoneCuda,Gastone,Cuda,3632784923
NicoDossetti,Nico,Dossetti,3773973938
GuarinoCarocci,Guarino,Carocci,3311145077
ImeldaPacelli,Imelda,Pacelli,3316104228
AntoninaBlasi,Antonina,Blasi,3533271115
ToninoCampise,Tonino,Campise,3815064387
RuggeroCassarà,Ruggero,Cassarà,3783310331
PomponioViviani,Pomponio,Viviani,3701858844
LorenzoCuriel,Lorenzo,Curiel,3833057163
RenataNicoletti,Renata,Nicoletti,3916801816
GioachinoPozzecco,Gioachino,Pozzecco,3414923047
GabrieleNatta,Gabriele,Natta,3760476597
LucianoZecchini,Luciano,Zecchini,3711910870
FedericoDruso,Federico,Druso,3514303536
LidiaGemito,Lidia,Gemito,3373224620
IvanLuzi,Ivan,Luzi,3432699111
MichelettoMalaparte,Micheletto,Malaparte,3488681086
BarbaraMigliaccio,Barbara,Migliaccio,3293843396
EttoreCossiga,Ettore,Cossiga,3505439570
AllegraRicolfi,Allegra,Ricolfi,3478918335
PaulinaVespa,Paulina,Vespa,3519186874
StellaJuvara,Stella,Juvara,3779271009
GiulioCimini,Giulio,Cimini,3500173402
AlessioFagotto,Alessio,Fagotto,3314409419
FernandaGasperi,Fernanda,Gasperi,3783021185
FabrizioCarducci,Fabrizio,Carducci,3505655613
ImeldaTerragni,Imelda,Terragni,3776805622
PaolettaMarinetti,Paoletta,Marinetti,3776958044
GiorgioSraffa,Giorgio,Sraffa,3513242609
ElladioCasalodi,Elladio,Casalodi,3517279401
MarcelloSolimena,Marcello,Solimena,3309236338
LaureanoTommaseo,Laureano,Tommaseo,3533991768
FiorenzoMorosini,Fiorenzo,Morosini,3416173011
NinaMurialdo,Nina,Murialdo,3783777519
LucianoZanazzo,Luciano,Zanazzo,3311893588
StefaniTomasetti,Stefani,Tomasetti,3336201543
PiersantiBoaga,Piersanti,Boaga,3375210526
CamillaCerutti,Camilla,Cerutti,3776573243
UbertoAngeli,Uberto,Angeli,3638666791
ErmesCusano,Ermes,Cusano,3389230151
MelinaCarducci,Melina,Carducci,3802497751
ElenaOliboni,Elena,Oliboni,3505682075
OrnellaBrambilla,Ornella,Brambilla,3278531645
RaffaellinoTresoldi,Raffaellino,Tresoldi,3899798918
RosaVismara,Rosa,Vismara,3501998593
LazzaroRomagnoli,Lazzaro,Romagnoli,3500582504
CostantinoNievo,Costantino,Nievo,3206213757
FabrizioVenier,Fabrizio,Venier,3277403014
StefaniDallapé,Stefani,Dallapé,3497597646
AuroraMalaparte,Aurora,Malaparte,3520144840
SophiaMoretti,Sophia,Moretti,3810609090
ValentinaTosi,Valentina,Tosi,3519409145
BernardoFermi,Bernardo,Fermi,3509651028
NicolòNicolucci,Nicolò,Nicolucci,3756080972
RicciottiSauro,Ricciotti,Sauro,3386673500
CeciliaViola,Cecilia,Viola,3664919216
OrlandoAntelami,Orlando,Antelami,3434008448
TizianoBonaventura,Tiziano,Bonaventura,3780472090
PalomaTosto,Paloma,Tosto,3730027282
MartinoMorandi,Martino,Morandi,3773380978
ChiaraConte,Chiara,Conte,3793036929
DoloresMorellato,Dolores,Morellato,3827590045
AdelasiaBixio,Adelasia,Bixio,3455186374
SilvioAnguissola,Silvio,Anguissola,3518421575
AdelmoPalmisano,Adelmo,Palmisano,3505624659
DariaAporti,Daria,Aporti,3511454491
LetiziaEmanuelli,Letizia,Emanuelli,3391775844
LisaCorbo,Lisa,Corbo,3533761495
LauraGolgi,Laura,Golgi,3701510491
AchilleGinesio,Achille,Ginesio,3734126800
AlphonsFabbri,Alphons,Fabbri,3777506693
PierluigiMontessori,Pierluigi,Montessori,3312361025
RomeoRocca,Romeo,Rocca,3513278956
TorquatoCutuli,Torquato,Cutuli,3716682106
LeopoldoColumbo,Leopoldo,Columbo,3779851280
GianmarcoAltera,Gianmarco,Altera,3434663040
MassimilianoRoccabonella,Massimiliano,Roccabonella,3894240161
MarissaBoaga,Marissa,Boaga,3370514400
OsvaldoTresoldi,Osvaldo,Tresoldi,3607997541
SebastianoGianetti,Sebastiano,Gianetti,3490351262
GianBlasi,Gian,Blasi,3669493795
TizianaFabrizi,Tiziana,Fabrizi,3513071410
PierangeloComeriato,Pierangelo,Comeriato,3370424489
PierangeloPisani,Pierangelo,Pisani,3619041677
MelaniaPersico,Melania,Persico,3776944356
GiacintoScamarcio,Giacinto,Scamarcio,3924856164
MartinaParmitano,Martina,Parmitano,3755846815
FabioLombardi,Fabio,Lombardi,3440574648
MarcoBellò,Marco,Bellò,3220120842
FortunataTrincavelli,Fortunata,Trincavelli,3520760219
StefaniOlivetti,Stefani,Olivetti,3533094423
VeronicaPontecorvo,Veronica,Pontecorvo,3513181721
MonicaAnguillara,Monica,Anguillara,3520898283
BrunoPapafava,Bruno,Papafava,3909894315
GioffreGiannetti,Gioffre,Giannetti,3510730049
RanieriPedrazzini,Ranieri,Pedrazzini,3426432384
SimonettaMazzeo,Simonetta,Mazzeo,3520689241
NinaBova,Nina,Bova,3283891258
MartinoTorlonia,Martino,Torlonia,3802321540
GelsominaBelletini,Gelsomina,Belletini,3489507434
LucioNadi,Lucio,Nadi,3489740141
DariaRinaldi,Daria,Rinaldi,3663948588
GiustinoVeltroni,Giustino,Veltroni,3311174740
AlderanoAntonacci,Alderano,Antonacci,3779843351
MarcelloMattarella,Marcello,Mattarella,3817145845
RamonaBosio,Ramona,Bosio,3607958554
GiovanniLiguori,Giovanni,Liguori,3772613966
ParideBarsanti,Paride,Barsanti,3206303736
IppazioFabrizi,Ippazio,Fabrizi,3227772115
LeonardoRossetti,Leonardo,Rossetti,3491663868
PierluigiCrespi,Pierluigi,Crespi,3401393133
AlfredoSforza,Alfredo,Sforza,3755318691
DonatelloLiguori,Donatello,Liguori,3371897959
IlariaMalaparte,Ilaria,Malaparte,3432980066
GelsominaGaluppi,Gelsomina,Galuppi,3714405518
CostanzoFederico,Costanzo,Federico,3517204554
PaolaBrichese,Paola,Brichese,3230964143
GiorgioPontecorvo,Giorgio,Pontecorvo,3510909261
DamianoAloisio,Damiano,Aloisio,3274074701
BrunoGori,Bruno,Gori,3777523415
GianluigiMarzorati,Gianluigi,Marzorati,3514316301
MarcoFantini,Marco,Fantini,3500235768
RoccoComboni,Rocco,Comboni,3822633138
AlessandroGravina,Alessandro,Gravina,3510731548
RossanaSoprano,Rossana,Soprano,3515049372
MorenaSamele,Morena,Samele,3970914527
MaurilioCavalcanti,Maurilio,Cavalcanti,3236090657
CiprianoPonti,Cipriano,Ponti,3755309906
NicolaCuriel,Nicola,Curiel,3505795703
PietroOttino,Pietro,Ottino,3515750916
PalomaBettin,Paloma,Bettin,3393689362
GianpaoloBombieri,Gianpaolo,Bombieri,3501416692
VincenzaBassi,Vincenza,Bassi,3773688644
TizianaTreccani,Tiziana,Treccani,3756403699
SerafinaMantegna,Serafina,Mantegna,3429698926
PaolaLigorio,Paola,Ligorio,3277589638
EdoardoBongiorno,Edoardo,Bongiorno,3738794294
RaffaelloCarocci,Raffaello,Carocci,3792809258
MaurizioBernini,Maurizio,Bernini,3466061330
LambertoCundari,Lamberto,Cundari,3624815318
ArsenioLiverotti,Arsenio,Liverotti,3311860790
MariaFerrazzi,Maria,Ferrazzi,3793620616
LinaMarzorati,Lina,Marzorati,3533009862
MartaCarosone,Marta,Carosone,3624958777
MelaniaSinisi,Melania,Sinisi,3533457717
BeppeCivaschi,Beppe,Civaschi,3202026995
LolitaFicino,Lolita,Ficino,3516680112
ElianaFlaiano,Eliana,Flaiano,3611008092
AlessandroPeruzzi,Alessandro,Peruzzi,3534498338
FilippaVezzali,Filippa,Vezzali,3778430198
LibertoStucchi,Liberto,Stucchi,3374589052
CarmeloBoccioni,Carmelo,Boccioni,3819013949
AnnibaleTravia,Annibale,Travia,3791362207
VirginiaGianetti,Virginia,Gianetti,3462238529
CostanzoBeccaria,Costanzo,Beccaria,3899582855
EnzioToldo,Enzio,Toldo,3923609093
FulvioSanguineti,Fulvio,Sanguineti,3370167442
GianCoardi,Gian,Coardi,3481420687
AnnettaSilvestri,Annetta,Silvestri,3354096294
RitaBertoli,Rita,Bertoli,3830118852
CesareTiepolo,Cesare,Tiepolo,3382412316
MarcellaDuse,Marcella,Duse,3713852691
IdaGaiatto,Ida,Gaiatto,3773151472
IsaGaiatto,Isa,Gaiatto,3777242479
GianpaoloManunta,Gianpaolo,Manunta,3457375212
ValentinaGarobbio,Valentina,Garobbio,3476660939
VittorioRossi,Vittorio,Rossi,3517778191
DonnaBerrè,Donna,Berrè,3665857939
TizianoFerragni,Tiziano,Ferragni,3334949227
CoriolanoToso,Coriolano,Toso,3852503736
GiustinoConti,Giustino,Conti,3496239249
SoleFilippini,Sole,Filippini,3311025647
AntoninaDoglioni,Antonina,Doglioni,3734716821
CoriolanoRismondo,Coriolano,Rismondo,3244212555
VincenzoTuzzolino,Vincenzo,Tuzzolino,3517680990
MarianaSollima,Mariana,Sollima,3701361287
FilippoBarsanti,Filippo,Barsanti,3774568927
SeverinoFattori,Severino,Fattori,3792661651
CassandraSilvestri,Cassandra,Silvestri,3791589128
OttoneMarini,Ottone,Marini,3512765417
MariaTamburini,Maria,Tamburini,3518210909
CarolinaCianciolo,Carolina,Cianciolo,3780179526
GianpietroBignami,Gianpietro,Bignami,3776106293
AchilleFinotto,Achille,Finotto,3826841203
PieroToninelli,Piero,Toninelli,3273319705
SalvatoreZacco,Salvatore,Zacco,3478430504
AgostinoPalombi,Agostino,Palombi,3736573267
UbaldoFinotto,Ubaldo,Finotto,3780713588
VincentioTaliercio,Vincentio,Taliercio,3453526760
BenitoCaboto,Benito,Caboto,3783424204
DonnaValmarana,Donna,Valmarana,3779334416
PatriziaNitti,Patrizia,Nitti,3437475292
AngelinaRubbia,Angelina,Rubbia,3855717166
GuarinoFalcone,Guarino,Falcone,3500543239
LibertoMarino,Liberto,Marino,3469676915
GianluigiRizzo,Gianluigi,Rizzo,3793411147
PellegrinoBembo,Pellegrino,Bembo,3505157024
LazzaroLeblanc,Lazzaro,Leblanc,3897090215
LuisaMonte,Luisa,Monte,3906405537
MarcelloBellucci,Marcello,Bellucci,3823202670
BaccioManunta,Baccio,Manunta,3369479011
MartinoBorroni,Martino,Borroni,3850251407
LaraAntonelli,Lara,Antonelli,3819315452
FiorinoSpinola,Fiorino,Spinola,3439169947
GiampaoloCoppola,Giampaolo,Coppola,3778437162
FabriziaScialpi,Fabrizia,Scialpi,3735106921
GiancarloLombardi,Giancarlo,Lombardi,3618308624
LambertoFalier,Lamberto,Falier,3520960576
GalassoInterminei,Galasso,Interminei,3499836459
EmmaTomasini,Emma,Tomasini,3807458335
EraldoMorandi,Eraldo,Morandi,3557692891
GiuseppinaGalvani,Giuseppina,Galvani,3902380806
LillaTrapani,Lilla,Trapani,3500247730
OrlandoMocenigo,Orlando,Mocenigo,3772600329
LetiziaBabato,Letizia,Babato,3516820337
ToniBranciforte,Toni,Branciforte,3756525536
ToninoParri,Tonino,Parri,3604157375
HugoEmo,Hugo,Emo,3713244333
RiccardoAgnesi,Riccardo,Agnesi,3274428604
SoniaRossi,Sonia,Rossi,3716682200
FedeleFerragni,Fedele,Ferragni,3511800916
LambertoRismondo,Lamberto,Rismondo,3500038715
UmbertoPizzamano,Umberto,Pizzamano,3776104778
OrnellaSurian,Ornella,Surian,3780663196
GianfrancoCoppola,Gianfranco,Coppola,3710002626
SanteInnocenti,Sante,Innocenti,3919342104
IppazioBragadin,Ippazio,Bragadin,3791692802
ArnaldoFinetti,Arnaldo,Finetti,3520139783
MatteoAsmundo,Matteo,Asmundo,3501101031
ErnestoPometta,Ernesto,Pometta,3516382334
MichelettoCaetani,Micheletto,Caetani,3716028812
GioachinoGaltarossa,Gioachino,Galtarossa,3517997808
LeoneAgazzi,Leone,Agazzi,3715435145
CiroMarini,Ciro,Marini,3929202791
SophiaRighi,Sophia,Righi,3272604513
MauroCossiga,Mauro,Cossiga,3439502301
LaureanoFuseli,Laureano,Fuseli,3710054034
BiancaMuti,Bianca,Muti,3756641098
RaffaeleCuda,Raffaele,Cuda,3756625316
BiancaPezzali,Bianca,Pezzali,3311492111
AlfredoBazzi,Alfredo,Bazzi,3230633434
DoloresMengolo,Dolores,Mengolo,3739892804
AlinaGiannelli,Alina,Giannelli,3311666939
DinoTrebbi,Dino,Trebbi,3505379195
ArnulfoRosmini,Arnulfo,Rosmini,3500403582
GabriellaMazzi,Gabriella,Mazzi,3378063723
AchilleRuggeri,Achille,Ruggeri,3689818254
AlderanoMascagni,Alderano,Mascagni,3931609740
VirgilioMontanari,Virgilio,Montanari,3280537337
SandroMajewski,Sandro,Majewski,3979007269
BeppeNibali,Beppe,Nibali,3915798170
PaoloPepe,Paolo,Pepe,3857141315
DonnaBarcella,Donna,Barcella,3387933955
MartinoOssani,Martino,Ossani,3773887957
CoriolanoTraversa,Coriolano,Traversa,3807878508
StellaEinaudi,Stella,Einaudi,3755445398
RossanaBoaga,Rossana,Boaga,3900206399
CleliaCarnera,Clelia,Carnera,3701533777
EzioGianvecchio,Ezio,Gianvecchio,3711803439
FilippoMetella,Filippo,Metella,3453582406
PellegrinoBassi,Pellegrino,Bassi,3473363623
EmilioLoredan,Emilio,Loredan,3419107780
ElenaMonti,Elena,Monti,3757998214
MauraBenigni,Maura,Benigni,3478146302
AdrianoSaracino,Adriano,Saracino,3920835896
LuchinoRosselli,Luchino,Rosselli,3519091667
OrlandoCardano,Orlando,Cardano,3703995071
RosariaOnisto,Rosaria,Onisto,3424056022
GiulioGigli,Giulio,Gigli,3420596981
MarcellaStein,Marcella,Stein,3515354271
RomanaPanzera,Romana,Panzera,3380792031
DariaIadanza,Daria,Iadanza,3882096030
LambertoFerrante,Lamberto,Ferrante,3685675901
MartinoTraversa,Martino,Traversa,3516325023
DamianoSaffi,Damiano,Saffi,3423405864
RosinaBrunelleschi,Rosina,Brunelleschi,3778909709
PriscillaInterminei,Priscilla,Interminei,3534251992
GiancarloPetralli,Giancarlo,Petralli,3730260140
LolitaEndrizzi,Lolita,Endrizzi,3774343044
AlfredoCaccianemico,Alfredo,Caccianemico,3715911175
FabiaAgnesi,Fabia,Agnesi,3634869129
MarioBertolucci,Mario,Bertolucci,3553455290
ErmenegildoCaironi,Ermenegildo,Caironi,3715033322
AngelinaTommaseo,Angelina,Tommaseo,3770582628
DianaMajewski,Diana,Majewski,3505668498
RosaMorellato,Rosa,Morellato,3900210939
FabiaCortese,Fabia,Cortese,3517331135
ConcettaBasso,Concetta,Basso,3347455962
AntonioPagnotto,Antonio,Pagnotto,3301548416
SebastianoPisaroni,Sebastiano,Pisaroni,3607428974
AlderanoBellocchio,Alderano,Bellocchio,3469596447
BiancaMarazzi,Bianca,Marazzi,3232524936
AugustoVillarosa,Augusto,Villarosa,3516960945
IrmaCanevascini,Irma,Canevascini,3711036088
GiosuèRegge,Giosuè,Regge,3976665771
MauraZito,Maura,Zito,3519560049
RaffaelloOstinelli,Raffaello,Ostinelli,3331655260
LorettaCamilleri,Loretta,Camilleri,3378380054
FaustoGianetti,Fausto,Gianetti,3776667672
MatteoTamburini,Matteo,Tamburini,3289451455
GiulioRusticucci,Giulio,Rusticucci,3520225566
RosaBandello,Rosa,Bandello,3495009373
IrmaFerrara,Irma,Ferrara,3557423472
StefanoVanvitelli,Stefano,Vanvitelli,3883829247
PierangeloTafuri,Pierangelo,Tafuri,3374120885
IdaCafarchia,Ida,Cafarchia,3399403420
SergiusGoldoni,Sergius,Goldoni,3639901562
RuggieroFerraris,Ruggiero,Ferraris,3362230391
MauraMortati,Maura,Mortati,3852326696
PinaCastiglione,Pina,Castiglione,3711617562
PierVasari,Pier,Vasari,3276259404
MorenaBernetti,Morena,Bernetti,3463812656
MelinaInterminelli,Melina,Interminelli,3780151824
FiorenzoLuxardo,Fiorenzo,Luxardo,3710876669
LucaPisano,Luca,Pisano,3737855857
NiccolòAgnesi,Niccolò,Agnesi,3892085396
RamonaMatteotti,Ramona,Matteotti,3409547127
LorettaCherubini,Loretta,Cherubini,3430735890
CamillaTosto,Camilla,Tosto,3774324019
RominaMartucci,Romina,Martucci,3344475571
GiuliettaLovato,Giulietta,Lovato,3557884853
GiulianoDovara,Giuliano,Dovara,3756544365
OrazioBalbi,Orazio,Balbi,3436476257
RiccardoRismondo,Riccardo,Rismondo,3701415543
PaulinaRicolfi,Paulina,Ricolfi,3433678696
SandroCarli,Sandro,Carli,3383700635
GrecoPugliese,Greco,Pugliese,3336637551
CalcedonioGelli,Calcedonio,Gelli,3925587268
PaoloBoccioni,Paolo,Boccioni,3756987905
PatriziaBriccialdi,Patrizia,Briccialdi,3340409024
GirolamoPizzamano,Girolamo,Pizzamano,3792958344
AnnamariaValmarana,Annamaria,Valmarana,3715030123
EleanoraVillarosa,Eleanora,Villarosa,3687115704
NinoImpastato,Nino,Impastato,3414492927
ToniTrebbi,Toni,Trebbi,3514734627
FrancescaSilvestri,Francesca,Silvestri,3437092172
AlbericoFracci,Alberico,Fracci,3819598130
DonnaAngiolello,Donna,Angiolello,3779104296
AmicoSibilia,Amico,Sibilia,3703531650
NeddaFaranda,Nedda,Faranda,3245797377
AdelmoMastroianni,Adelmo,Mastroianni,3928984847
RolandoGentileschi,Rolando,Gentileschi,3757541270
PiersantiAdinolfi,Piersanti,Adinolfi,3837850892
SalviSorrentino,Salvi,Sorrentino,3716420005
RossanaFischetti,Rossana,Fischetti,3779224128
LucioCarullo,Lucio,Carullo,3779954796
FrancescaTraetta,Francesca,Traetta,3467685641
AmadeoGuglielmi,Amadeo,Guglielmi,3631602819
RomeoVespa,Romeo,Vespa,3755923581
FloraMarzorati,Flora,Marzorati,3285890065
GloriaJilani,Gloria,Jilani,3714525143
LoredanaFoconi,Loredana,Foconi,3516921401
CeciliaOssani,Cecilia,Ossani,3412589456
DaniloOrsini,Danilo,Orsini,3445302644
GiulioSorrentino,Giulio,Sorrentino,3711482123
AntonioPellegrini,Antonio,Pellegrini,3292339408
BarbaraNibali,Barbara,Nibali,3335219133
RominaOliboni,Romina,Oliboni,3886444794
GiulianoPiccinni,Giuliano,Piccinni,3273097449
RicciottiLeopardi,Ricciotti,Leopardi,3505210897
NadiaValier,Nadia,Valier,3418706649
AntoninaBazzi,Antonina,Bazzi,3533690307
GioachinoGuariento,Gioachino,Guariento,3669065362
IppazioOttino,Ippazio,Ottino,3757691290
LetiziaScarpetta,Letizia,Scarpetta,3456981326
TelemacoMetella,Telemaco,Metella,3387360801
MauraMaggioli,Maura,Maggioli,3760470173
SantinoSoprano,Santino,Soprano,3791213538
PierluigiVarano,Pierluigi,Varano,3509614292
OresteVolta,Oreste,Volta,3505724500
GianlucaGermano,Gianluca,Germano,3757285494
LianaPizzamano,Liana,Pizzamano,3511785795
PiersantiGagliardi,Piersanti,Gagliardi,3600695683
ErmenegildoVasari,Ermenegildo,Vasari,3777578899
GiustinoBondumier,Giustino,Bondumier,3760781420
GelsominaTrincavelli,Gelsomina,Trincavelli,3355181609
EvangelistaIannotti,Evangelista,Iannotti,3776557348
AngelinaFerragamo,Angelina,Ferragamo,3917470917
GiancarloBernardini,Giancarlo,Bernardini,3513830954
MilenaBova,Milena,Bova,3911413196
AlessioMissoni,Alessio,Missoni,3204201122
BarbaraFornaciari,Barbara,Fornaciari,3779107032
EttoreVendetti,Ettore,Vendetti,3433295011
LuigiGalilei,Luigi,Galilei,3500909361
IvoMercati,Ivo,Mercati,3500576015
AdrianaScarpa,Adriana,Scarpa,3242236370
LudovicoMorosini,Ludovico,Morosini,3884071168
BaldassareZito,Baldassare,Zito,3519212845
MatildaViviani,Matilda,Viviani,3900771744
CarolinaSoffici,Carolina,Soffici,3779109963
HugoMurialdo,Hugo,Murialdo,3350421963
DionigiCicala,Dionigi,Cicala,3733855734
GinoBettoni,Gino,Bettoni,3512592485
GianpaoloMoschino,Gianpaolo,Moschino,3513212125
EttaRossini,Etta,Rossini,3716017847
AlfredoDibiasi,Alfredo,Dibiasi,3505017825
VittoriaMagnani,Vittoria,Magnani,3715431143
MassimilianoCianciolo,Massimiliano,Cianciolo,3518831252
RenzoLanfranchi,Renzo,Lanfranchi,3501414089
CeciliaMurri,Cecilia,Murri,3356526369
SolePetralli,Sole,Petralli,3756442544
GiuliaGiannetti,Giulia,Giannetti,3755279669
AntoninoGradenigo,Antonino,Gradenigo,3500838601
GianlucaSoderini,Gianluca,Soderini,3778492036
LolitaBertoni,Lolita,Bertoni,3609680422
PiergiorgioCilibrasi,Piergiorgio,Cilibrasi,3930229563
EzioLeonetti,Ezio,Leonetti,3511652709
ArmandoToscani,Armando,Toscani,3512056886
IdaDibiasi,Ida,Dibiasi,3818180002
RomeoLattuada,Romeo,Lattuada,3838564542
FedericoDurante,Federico,Durante,3367723592
PellegrinoCristoforetti,Pellegrino,Cristoforetti,3701152012
MonicaProdi,Monica,Prodi,3760682480
RiccardoCasale,Riccardo,Casale,3899912528
FedericaFerrucci,Federica,Ferrucci,3441441377
RuggieroCimini,Ruggiero,Cimini,3517560680
DoloresAriasso,Dolores,Ariasso,3605761484
AdamoLuzi,Adamo,Luzi,3512226243
NicoZanazzo,Nico,Zanazzo,3534856149
EnnioGramsci,Ennio,Gramsci,3275080181
MelissaGiannelli,Melissa,Giannelli,3500043204
SandraGermano,Sandra,Germano,3505044430
BenitoGaito,Benito,Gaito,3804278919
TemistocleCeci,Temistocle,Ceci,3801307894
FiammaTaccola,Fiamma,Taccola,3477121960
MatildaRicciardi,Matilda,Ricciardi,3453533609
MirkoSagese,Mirko,Sagese,3510394095
VincenzoCagnin,Vincenzo,Cagnin,3809315991
GirolamoRamazzotti,Girolamo,Ramazzotti,3634223176
CostanzoBalbo,Costanzo,Balbo,3382101058
VictoriaTomaselli,Victoria,Tomaselli,3714966320
GiustinoBorromini,Giustino,Borromini,3454936275
RonaldoManzoni,Ronaldo,Manzoni,3505960339
LeopoldoFaugno,Leopoldo,Faugno,3792421651
GiancarloSauli,Giancarlo,Sauli,3516035484
AngelicaCavalcanti,Angelica,Cavalcanti,3882101281
AnnunziataTiepolo,Annunziata,Tiepolo,3410001389
GemmaPiazzi,Gemma,Piazzi,3500892105
MariaGabba,Maria,Gabba,3663265161
ClaudiaGargallo,Claudia,Gargallo,3714277526
GianmarcoCastelli,Gianmarco,Castelli,3600505401
RonaldoTrentin,Ronaldo,Trentin,3760335311
CoriolanoPasolini,Coriolano,Pasolini,3465812907
GiosuèFlaiano,Giosuè,Flaiano,3628267303
AriaLegnante,Aria,Legnante,3701230163
GianniSeddio,Gianni,Seddio,3714985735
LilianaLupo,Liliana,Lupo,3517848489
GiuliaAsprucci,Giulia,Asprucci,3716935326
DomenicoCapuana,Domenico,Capuana,3518257899
AchilleCasalodi,Achille,Casalodi,3480253791
UgolinoMalipiero,Ugolino,Malipiero,3605092762
MariaProdi,Maria,Prodi,3516317281
CostanzoTogliatti,Costanzo,Togliatti,3424651459
DuranteMonduzzi,Durante,Monduzzi,3489784260
DanteTraversa,Dante,Traversa,3738036886
BarbaraMortati,Barbara,Mortati,3791166249
DariaGuglielmi,Daria,Guglielmi,3208085916
CostanzoCicala,Costanzo,Cicala,3735385373
AnnibaleMonicelli,Annibale,Monicelli,3550917824
MorenaMusatti,Morena,Musatti,3358488374
ErmannoBotta,Ermanno,Botta,3311955209
AdelasiaPisaroni,Adelasia,Pisaroni,3390493569
RamonaGrimani,Ramona,Grimani,3755997668
StefaniaOrengo,Stefania,Orengo,3887640649
DoloresTurci,Dolores,Turci,3757271048
LaureanoRastelli,Laureano,Rastelli,3434516529
MiloGiannetti,Milo,Giannetti,3979769515
LudovicoBocca,Ludovico,Bocca,3813826648
FrancescaGinese,Francesca,Ginese,3492212306
AllegraCarocci,Allegra,Carocci,3518614325
GaspareTaliercio,Gaspare,Taliercio,3755109372
IgnazioBajardi,Ignazio,Bajardi,3280895153
UgolinoChiappetta,Ugolino,Chiappetta,3244364278
EzioDalla,Ezio,Dalla,3466181323
IdaSegni,Ida,Segni,3511069779
RolandoPriuli,Rolando,Priuli,3517490033
DelfinoCallegaro,Delfino,Callegaro,3402233078
SandroLattuada,Sandro,Lattuada,3301255565
ToniaAmaldi,Tonia,Amaldi,3792792099
LandoPetrassi,Lando,Petrassi,3916137185
AntoniaRitacca,Antonia,Ritacca,3432119422
LeopoldoPellegrini,Leopoldo,Pellegrini,3237903790
GiuliaOpizzi,Giulia,Opizzi,3778941912
AlbericoMarinetti,Alberico,Marinetti,3783455803
LaureanoIadanza,Laureano,Iadanza,3662887651
NinettaVarano,Ninetta,Varano,3819628316
DianaSanguineti,Diana,Sanguineti,3534007324
FloraPorzio,Flora,Porzio,3715235854
LeoneMorgagni,Leone,Morgagni,3514410382
DinaTaliercio,Dina,Taliercio,3371661584
LeopoldoAlonzi,Leopoldo,Alonzi,3399159026
RodolfoCainero,Rodolfo,Cainero,3777565328
GermanaManacorda,Germana,Manacorda,3465702870
AngelinaProietti,Angelina,Proietti,3606646982
GrecoCamicione,Greco,Camicione,3317450168
TelemacoNitti,Telemaco,Nitti,3609837919
IvanLoredan,Ivan,Loredan,3792952551
IlariaBonolis,Ilaria,Bonolis,3776155651
GioacchinoUbaldi,Gioacchino,Ubaldi,3490661859
ErnestoModugno,Ernesto,Modugno,3603995823
GoffredoBorgia,Goffredo,Borgia,3386093660
GirolamoFaugno,Girolamo,Faugno,3311081077
AlessiaCasellati,Alessia,Casellati,3500802621
NapoleoneBalbi,Napoleone,Balbi,3428914920
HugoAlmagià,Hugo,Almagià,3505310934
GiacintoGemito,Giacinto,Gemito,3230335750
IvoFusani,Ivo,Fusani,3207803196
BiancaBusoni,Bianca,Busoni,3903350682
ToniBellucci,Toni,Bellucci,3773669307
FabioGuidotti,Fabio,Guidotti,3514947060
GoffredoSorrentino,Goffredo,Sorrentino,3450253264
LillaCapone,Lilla,Capone,3505959499
LuigiPavone,Luigi,Pavone,3505066830
IgnazioPrada,Ignazio,Prada,3703743137
ErmenegildoTosi,Ermenegildo,Tosi,3612257624
RicciottiContarini,Ricciotti,Contarini,3779307753
MassimoJovinelli,Massimo,Jovinelli,3774422706
SalvatoreEinaudi,Salvatore,Einaudi,3513692669
LaureanoGaleati,Laureano,Galeati,3241969700
GloriaVisintini,Gloria,Visintini,3900814035
CorradoBrancaccio,Corrado,Brancaccio,3231425384
PiergiorgioDuodo,Piergiorgio,Duodo,3492280427
LuisaFilippini,Luisa,Filippini,3716346564
DinaAlighieri,Dina,Alighieri,3791515571
RonaldoIannucci,Ronaldo,Iannucci,3374882500
EzioSanti,Ezio,Santi,3780209792
CeciliaPellico,Cecilia,Pellico,3319472430
SerenaDepero,Serena,Depero,3897714954
PaoloTrillini,Paolo,Trillini,3830203028
GionataFabrizi,Gionata,Fabrizi,3440248308
PomponioPellico,Pomponio,Pellico,3475716678
VincenzaRoero,Vincenza,Roero,3811278784
GermanaMarenzio,Germana,Marenzio,3270370987
RuggieroSegni,Ruggiero,Segni,3899274564
ErmannoTrincavelli,Ermanno,Trincavelli,3305717621
HugoBajamonti,Hugo,Bajamonti,3241635543
GiovannaGentilini,Giovanna,Gentilini,3778286311
NinettaTravia,Ninetta,Travia,3666942514
VenancioRosmini,Venancio,Rosmini,3225628282
FrancescaBrugnaro,Francesca,Brugnaro,3501657276
IlariaZola,Ilaria,Zola,3500923140
ClaudiaGremese,Claudia,Gremese,3384193032
MarissaGadda,Marissa,Gadda,3404405678
GuidoBorromini,Guido,Borromini,3783723735
AugustoMercantini,Augusto,Mercantini,3409071920
NadiaCalarco,Nadia,Calarco,3791483526
SerafinaSibilia,Serafina,Sibilia,3793631073
NataliaCendron,Natalia,Cendron,3934521564
MatildaFalcone,Matilda,Falcone,3616083286
BereniceEmanuelli,Berenice,Emanuelli,3772781019
PiergiuseppeCallegari,Piergiuseppe,Callegari,3715609104
FabiaGullotta,Fabia,Gullotta,3703168595
TizianaGuglielmi,Tiziana,Guglielmi,3731116921
LucioCuratoli,Lucio,Curatoli,3534867539
LiviaMontanelli,Livia,Montanelli,3680764262
DonatoAmaldi,Donato,Amaldi,3791805621
GianfrancescoComboni,Gianfrancesco,Comboni,3774018835
CostanzoBeffa,Costanzo,Beffa,3914907805
PatrizioTravaglio,Patrizio,Travaglio,3361453009
MarcoNosiglia,Marco,Nosiglia,3438719871
GioacchinoGori,Gioacchino,Gori,3603208388
CostanzoSavorgnan,Costanzo,Savorgnan,3793171018
AntoninaVerdi,Antonina,Verdi,3511721051
AntoninaPanatta,Antonina,Panatta,3446917877
MatildaAsmundo,Matilda,Asmundo,3375819060
LuisaScarfoglio,Luisa,Scarfoglio,3496258568
AmaliaBarzini,Amalia,Barzini,3534191638
DanieleZarlino,Daniele,Zarlino,3715314180
RaimondoCastiglione,Raimondo,Castiglione,3519420481
ElladioChindamo,Elladio,Chindamo,3222604919
AlinaBernardini,Alina,Bernardini,3277135022
SimonePometta,Simone,Pometta,3399184894
MartaFagotto,Marta,Fagotto,3279354898
VeronicaZacco,Veronica,Zacco,3332130272
PierangeloPiane,Pierangelo,Piane,3472439280
TelemacoGiunti,Telemaco,Giunti,3930540280
CamilloBerlusconi,Camillo,Berlusconi,3515791676
PriscillaMoresi,Priscilla,Moresi,3917032738
RomanaPedrazzini,Romana,Pedrazzini,3518148861
DarioOrsini,Dario,Orsini,3756916162
MichelangeloProietti,Michelangelo,Proietti,3505454728
CiprianoGiannelli,Cipriano,Giannelli,3505178196
RomanaSimeoni,Romana,Simeoni,3518949762
UbaldoBorzomì,Ubaldo,Borzomì,3512559545
RomoloCundari,Romolo,Cundari,3780105167
ErmesBrancaccio,Ermes,Brancaccio,3310391599
DuranteZacchia,Durante,Zacchia,3500879583
VictoriaAndreotti,Victoria,Andreotti,3660243525
RuggeroMazzocchi,Ruggero,Mazzocchi,3505598426
EmmaGiannini,Emma,Giannini,3927664943
FortunataAgostini,Fortunata,Agostini,3513768909
LucioBorromeo,Lucio,Borromeo,3703976576
AlderanoToscanini,Alderano,Toscanini,3756613371
SaverioPelli,Saverio,Pelli,3793526639
NanniTartaglia,Nanni,Tartaglia,3301879345
FederigoDallara,Federigo,Dallara,3760312625
AnnibaleDulbecco,Annibale,Dulbecco,3444050935
RuggeroNicoletti,Ruggero,Nicoletti,3703058700
AlbericoBevilacqua,Alberico,Bevilacqua,3353861728
RobertaJacuzzi,Roberta,Jacuzzi,3733887777
AlderanoGaito,Alderano,Gaito,3669535340
GiadaBelletini,Giada,Belletini,3756132326
GiuseppinaSchiavo,Giuseppina,Schiavo,3533829507
VincenzoCallegaro,Vincenzo,Callegaro,3898607669
DonatoNecci,Donato,Necci,3394314971
BettinaGabrieli,Bettina,Gabrieli,3311004936
AgostinoPaltrinieri,Agostino,Paltrinieri,3610687809
GaetanoTaccola,Gaetano,Taccola,3783797819
ValentinaTosto,Valentina,Tosto,3509786444
AntonellaComeriato,Antonella,Comeriato,3226247291
ElenaNiscoromni,Elena,Niscoromni,3885788661
SanteAlonzi,Sante,Alonzi,3779373165
RominaGiammusso,Romina,Giammusso,3559365250
PaoloVismara,Paolo,Vismara,3205928643
ArsenioSatriani,Arsenio,Satriani,3511993287
AgostinoBinaghi,Agostino,Binaghi,3336539561
GabrieleLetta,Gabriele,Letta,3777637655
AmletoFerrucci,Amleto,Ferrucci,3515887131
ArnulfoJovinelli,Arnulfo,Jovinelli,3756747658
AlfredoBiagiotti,Alfredo,Biagiotti,3793284272
MarioMajorana,Mario,Majorana,3227666732
MarcoMartucci,Marco,Martucci,3247491087
NicolettaMarenzio,Nicoletta,Marenzio,3509115564
OsvaldoPasqua,Osvaldo,Pasqua,3472349259
DonatellaQuerini,Donatella,Querini,3505628005
CiroVianello,Ciro,Vianello,3520576877
FloraRossini,Flora,Rossini,3500294802
AntonioFantoni,Antonio,Fantoni,3713683915
PatrizioGotti,Patrizio,Gotti,3496566298
AgostinoValentino,Agostino,Valentino,3701812708
RenataLercari,Renata,Lercari,3886639003
NanniPalladio,Nanni,Palladio,3813583228
GianfrancescoPlatini,Gianfrancesco,Platini,3632969610
FrancescaVattimo,Francesca,Vattimo,3501900531
UgoMaspero,Ugo,Maspero,3457321915
LinaBinaghi,Lina,Binaghi,3493596408
CiprianoRocca,Cipriano,Rocca,3809139582
ToninoSerraglio,Tonino,Serraglio,3361502600
DarioSauli,Dario,Sauli,3859326114
VincenzoGrasso,Vincenzo,Grasso,3243646245
MarinaMimun,Marina,Mimun,3920120630
LivioTrentini,Livio,Trentini,3446001973
MichelettoMalipiero,Micheletto,Malipiero,3831500028
CostanzoMaglio,Costanzo,Maglio,3297236270
EvaTrentini,Eva,Trentini,3501254476
FedericaVismara,Federica,Vismara,3779094250
StefanoBeccaria,Stefano,Beccaria,3438604177
GiovanniRomiti,Giovanni,Romiti,3520654337
VirgilioLiguori,Virgilio,Liguori,3778016705
FedericaTutino,Federica,Tutino,3487465910
IsaSagnelli,Isa,Sagnelli,3972935085
PriscillaTartini,Priscilla,Tartini,3429990105
AdelasiaAlboni,Adelasia,Alboni,3208127572
BiancaFantini,Bianca,Fantini,3792752219
LuisaPacelli,Luisa,Pacelli,3823981978
UmbertoMarsili,Umberto,Marsili,3510306655
SilvestroCostanzi,Silvestro,Costanzi,3484161565
RicciottiMaderno,Ricciotti,Maderno,3271975523
EvangelistaGalilei,Evangelista,Galilei,3356119881
GirolamoBottigliero,Girolamo,Bottigliero,3777369730
DelfinoChiappetta,Delfino,Chiappetta,3513858591
CorradoSalata,Corrado,Salata,3500489243
AdelasiaPacelli,Adelasia,Pacelli,3716781020
GiuseppeDraghi,Giuseppe,Draghi,3730572389
RobertoTreccani,Roberto,Treccani,3230287978
OttoneRusso,Ottone,Russo,3716922094
MarcelloFittipaldi,Marcello,Fittipaldi,3487946394
BiagioCicala,Biagio,Cicala,3713720533
DanteVeltroni,Dante,Veltroni,3293743218
ElianaTomasini,Eliana,Tomasini,3230606320
PiersantiTarantini,Piersanti,Tarantini,3779326526
LambertoChiappetta,Lamberto,Chiappetta,3396057924
AdamoNicoletti,Adamo,Nicoletti,3611239110
UmbertoLetta,Umberto,Letta,3533443242
EnzioInterminelli,Enzio,Interminelli,3916129692
PierangeloOstinelli,Pierangelo,Ostinelli,3778418562
FiammaMajewski,Fiamma,Majewski,3440995774
LorenzoTamburini,Lorenzo,Tamburini,3381229972
RosinaNibali,Rosina,Nibali,3220571218
SergiusTirabassi,Sergius,Tirabassi,3773856875
MelinaGregori,Melina,Gregori,3977481790
IdaTomei,Ida,Tomei,3897552524
IgnazioCondoleo,Ignazio,Condoleo,3449881899
OrlandoLollobrigida,Orlando,Lollobrigida,3242455876
MaurilioBorzomì,Maurilio,Borzomì,3381518381
UgoVolterra,Ugo,Volterra,3341680181
FernandaDetti,Fernanda,Detti,3501574389
IdaPisaroni,Ida,Pisaroni,3716656093
CarolinaSanti,Carolina,Santi,3466584345
LuiginaMengolo,Luigina,Mengolo,3474229807
AdelasiaPistoletto,Adelasia,Pistoletto,3918184480
ChiaraSaracino,Chiara,Saracino,3972602050
CarmeloStein,Carmelo,Stein,3666928384
MarcantonioMilanesi,Marcantonio,Milanesi,3703930746
GiuseppeAlboni,Giuseppe,Alboni,3889493922
AngeloPolesel,Angelo,Polesel,3733945451
DamianoGradenigo,Damiano,Gradenigo,3444008145
AnnibalePasqua,Annibale,Pasqua,3505868186
EnnioAgazzi,Ennio,Agazzi,3375837376
LuigiGangemi,Luigi,Gangemi,3832708763
GalassoMoschino,Galasso,Moschino,3976397751
CleliaMannoia,Clelia,Mannoia,3624125377
PalomaPezzali,Paloma,Pezzali,3805995524
UmbertoAjello,Umberto,Ajello,3418762626
DomenicoMajewski,Domenico,Majewski,3311318449
FiorenzoRienzo,Fiorenzo,Rienzo,3231023417
NapoleoneOssola,Napoleone,Ossola,3501335879
SilvioGozzi,Silvio,Gozzi,3232574471
PellegrinoToninelli,Pellegrino,Toninelli,3519640198
MelinaAdinolfi,Melina,Adinolfi,3403215282
MartinaMimun,Martina,Mimun,3511747008
MelaniaGuidone,Melania,Guidone,3517008230
AlderanoBoccherini,Alderano,Boccherini,3425969826
VittoriaPetruzzi,Vittoria,Petruzzi,3463263426
VincenzoPanatta,Vincenzo,Panatta,3352495630
AlfioBignami,Alfio,Bignami,3512992045
VincenzaScaramucci,Vincenza,Scaramucci,3770157048
LucianoBrenna,Luciano,Brenna,3757417725
HugoSalvo,Hugo,Salvo,3352181705
FabriziaLuzi,Fabrizia,Luzi,3770341274
BereniceLeblanc,Berenice,Leblanc,3778202581
VittorioFerrara,Vittorio,Ferrara,3615075186
EugeniaVecoli,Eugenia,Vecoli,3939506067
LuisaPininfarina,Luisa,Pininfarina,3715076666
GoffredoMazzanti,Goffredo,Mazzanti,3500096952
SilvioZaccagnini,Silvio,Zaccagnini,3311700760
StefaniRusso,Stefani,Russo,3516666952
LuiginaPalladio,Luigina,Palladio,3463981763
VincentioFolliero,Vincentio,Folliero,3755342569
SylviaBoccaccio,Sylvia,Boccaccio,3895447634
RomeoFalloppio,Romeo,Falloppio,3505711856
PaoloSagese,Paolo,Sagese,3517021436
PatriziaCherubini,Patrizia,Cherubini,3928051759
EvaVitturi,Eva,Vitturi,3780862903
VanessaBosurgi,Vanessa,Bosurgi,3307450702
PietroFerragamo,Pietro,Ferragamo,3780930764
MaurilioGreco,Maurilio,Greco,3505195141
FlavioGuariento,Flavio,Guariento,3664584681
StellaDibiasi,Stella,Dibiasi,3533707242
DaniloRiccati,Danilo,Riccati,3457026942
GemmaPorcellato,Gemma,Porcellato,3343330752
MarcelloFioravanti,Marcello,Fioravanti,3779014291
LucreziaBoldù,Lucrezia,Boldù,3359890062
PatrizioMagnani,Patrizio,Magnani,3783878298
GiustinoGargallo,Giustino,Gargallo,3375304022
CeciliaFioravanti,Cecilia,Fioravanti,3703929767
DinoRizzoli,Dino,Rizzoli,3408617385
FedericaGatto,Federica,Gatto,3916745177
FloraMuti,Flora,Muti,3519151481
UbertoCanil,Uberto,Canil,3924665369
GirolamoMastandrea,Girolamo,Mastandrea,3713554708
GrecoCilibrasi,Greco,Cilibrasi,3777836181
NanniPiccio,Nanni,Piccio,3512127569
ValentinaScotto,Valentina,Scotto,3557507848
MariaToscani,Maria,Toscani,3816147389
LorenzoBranciforte,Lorenzo,Branciforte,3777190586
PierBorsellino,Pier,Borsellino,3895058794
SalvatoreInterminelli,Salvatore,Interminelli,3887510131
FabrizioFabbri,Fabrizio,Fabbri,3519359870
BenitoGiannotti,Benito,Giannotti,3850107969
ColuccioMuti,Coluccio,Muti,3701565976
SilvestroTrentini,Silvestro,Trentini,3397559914
PierluigiEmo,Pierluigi,Emo,3885646846
MarianoCesarotti,Mariano,Cesarotti,3390641968
FedeleBertolucci,Fedele,Bertolucci,3505741465
CiprianoBonanno,Cipriano,Bonanno,3399094263
NiccolòBattelli,Niccolò,Battelli,3932782137
MarianoTartini,Mariano,Tartini,3247491537
NicolettaPininfarina,Nicoletta,Pininfarina,3552777309
SerenaBazzi,Serena,Bazzi,3510683581
JacopoAlboni,Jacopo,Alboni,3714864995
AchilleVarano,Achille,Varano,3936303202
EdoardoAcerbi,Edoardo,Acerbi,3482840990
GinoTafuri,Gino,Tafuri,3757607288
LetiziaTrentini,Letizia,Trentini,3622768664
OsvaldoSquarcione,Osvaldo,Squarcione,3756078444
FabriziaCossiga,Fabrizia,Cossiga,3911095395
ChiaraFerrata,Chiara,Ferrata,3500161926
AnnamariaCeri,Annamaria,Ceri,3371477949
GuglielmoBianchini,Guglielmo,Bianchini,3791654681
SimoneBaroffio,Simone,Baroffio,3931976452
SerafinaParisi,Serafina,Parisi,3341383820
FabriziaDonarelli,Fabrizia,Donarelli,3689663872
LeonardoPolani,Leonardo,Polani,3715625666
PaolaFerrara,Paola,Ferrara,3352749482
EraldoGianetti,Eraldo,Gianetti,3273097129
GermanaFattori,Germana,Fattori,3485064948
RaffaellaBixio,Raffaella,Bixio,3755015238
GianlucaNonis,Gianluca,Nonis,3505162211
CleliaAngiolello,Clelia,Angiolello,3791344604
DariaGadda,Daria,Gadda,3501528401
PaoloBertoni,Paolo,Bertoni,3514832767
GiuseppeBresciani,Giuseppe,Bresciani,3780871984
GuglielmoMontessori,Guglielmo,Montessori,3611108945
AllegraQuerini,Allegra,Querini,3793991609
IsaZaccagnini,Isa,Zaccagnini,3793095259
RosarioPirelli,Rosario,Pirelli,3517624312
PierpaoloUbaldi,Pierpaolo,Ubaldi,3460729111
ToniGangemi,Toni,Gangemi,3332816280
GrecoSmirnoff,Greco,Smirnoff,3520749309
RonaldoPareto,Ronaldo,Pareto,3631820386
GraziellaFerrucci,Graziella,Ferrucci,3770657900
RomanaLeonetti,Romana,Leonetti,3608811531
GioacchinoAvogadro,Gioacchino,Avogadro,3856498357
BenedettoBarese,Benedetto,Barese,3448277084
ErmenegildoPolizzi,Ermenegildo,Polizzi,3813301564
AmandaGotti,Amanda,Gotti,3777000521
AlinaGramsci,Alina,Gramsci,3295020714
AnnunziataPepe,Annunziata,Pepe,3510512789
MelinaInfantino,Melina,Infantino,3514578875
RomanaMontanelli,Romana,Montanelli,3452781813
LaurettaSoranzo,Lauretta,Soranzo,3628416526
RitaChigi,Rita,Chigi,3350853134
AmedeoFagotto,Amedeo,Fagotto,3783550731
DaniloCeri,Danilo,Ceri,3505138984
GrecoDoria,Greco,Doria,3774966548
ToninoGiannone,Tonino,Giannone,3772687650
NapoleoneBaggio,Napoleone,Baggio,3534611787
FabriziaGioberti,Fabrizia,Gioberti,3812448953
MarcellaCuda,Marcella,Cuda,3533045428
FederigoGualandi,Federigo,Gualandi,3334319453
GiuseppinaAgnesi,Giuseppina,Agnesi,3520361199
GabriellaBonino,Gabriella,Bonino,3380043264
RodolfoFranscini,Rodolfo,Franscini,3857471652
SerenaAntonello,Serena,Antonello,3892434363
LiciaLippomano,Licia,Lippomano,3501725718
VincenzoFinetti,Vincenzo,Finetti,3277731494
ToninoFo,Tonino,Fo,3660306472
NinettaScalfaro,Ninetta,Scalfaro,3923760275
GabrieleTartaglia,Gabriele,Tartaglia,3296845951
DonnaPastine,Donna,Pastine,3701422219
SabatinoCicilia,Sabatino,Cicilia,3534937843
DariaSiffredi,Daria,Siffredi,3630511176
UmbertoVenturi,Umberto,Venturi,3500359908
ToniaIadanza,Tonia,Iadanza,3286189439
UbaldoMennea,Ubaldo,Mennea,3682760980
DinaBernetti,Dina,Bernetti,3517729831
BenvenutoMengolo,Benvenuto,Mengolo,3425147279
NicolòMagrassi,Nicolò,Magrassi,3510135693
PiergiorgioCarpaccio,Piergiorgio,Carpaccio,3776706279
FulvioGaliazzo,Fulvio,Galiazzo,3383806975
AgnoloPascarella,Agnolo,Pascarella,3295198814
GaspareMorucci,Gaspare,Morucci,3421337999
NeddaNaccari,Nedda,Naccari,3907439114
FrancoChiesa,Franco,Chiesa,3626532583
NicolòStorladi,Nicolò,Storladi,3361248587
SandraMorlacchi,Sandra,Morlacchi,3803624552
FrancescoEmo,Francesco,Emo,3512585284
ViridianaCassarà,Viridiana,Cassarà,3711920921
BarbaraBrambilla,Barbara,Brambilla,3773416806
DanteCicala,Dante,Cicala,3888225469
MassimilianoMennea,Massimiliano,Mennea,3281709236
AngelinaOrsini,Angelina,Orsini,3513770851
VirgilioPozzecco,Virgilio,Pozzecco,3510300985
LillaGuidone,Lilla,Guidone,3783381884
AgnoloBosurgi,Agnolo,Bosurgi,3459952495
JacopoChiaramonte,Jacopo,Chiaramonte,3555915316
GiulioZacco,Giulio,Zacco,3383352949
IolandaLettiere,Iolanda,Lettiere,3620526634
NinettaTencalla,Ninetta,Tencalla,3778731424
RomanLiverotti,Roman,Liverotti,3509210677
AtenulfCherubini,Atenulf,Cherubini,3439230395
AgnoloMogherini,Agnolo,Mogherini,3904888930
FedeleSpanevello,Fedele,Spanevello,3395176504
PaolaBevilacqua,Paola,Bevilacqua,3638077065
SilviaSibilia,Silvia,Sibilia,3440630572
AmadeoColumbo,Amadeo,Columbo,3534301889
AdamoBiagiotti,Adamo,Biagiotti,3607983709
PompeoRaurica,Pompeo,Raurica,3429043925
AlbertoSegrè,Alberto,Segrè,3511232351
PellegrinoToscani,Pellegrino,Toscani,3977900698
PaolettaBorroni,Paoletta,Borroni,3831117095
GionataBusoni,Gionata,Busoni,3505358731
DonnaCelentano,Donna,Celentano,3514972452
FlavioZichichi,Flavio,Zichichi,3514083671
GiampieroTacchini,Giampiero,Tacchini,3366458314
GiannaBabato,Gianna,Babato,3243172511
BeppeCaetani,Beppe,Caetani,3737526282
AnnettaCibin,Annetta,Cibin,3894008793
RonaldoDruso,Ronaldo,Druso,3714457850
RosarioFerretti,Rosario,Ferretti,3701649595
DelfinoPalumbo,Delfino,Palumbo,3386350868
RonaldoMimun,Ronaldo,Mimun,3791767420
RaffaeleDraghi,Raffaele,Draghi,3910669717
FloraOssola,Flora,Ossola,3628936194
GriseldaCassarà,Griselda,Cassarà,3534671351
LucaGianinazzi,Luca,Gianinazzi,3280160584
GiosuèSandi,Giosuè,Sandi,3791044145
MarcoMilanesi,Marco,Milanesi,3403462589
AgostinoCendron,Agostino,Cendron,3777808348
CirilloZanichelli,Cirillo,Zanichelli,3392214250
PinaBuscetta,Pina,Buscetta,3452036417
OresteGaito,Oreste,Gaito,3715610984
ValentinaSavorgnan,Valentina,Savorgnan,3513936321
GiulioGalvani,Giulio,Galvani,3516028046
BernardoGaribaldi,Bernardo,Garibaldi,3770208420
ClaudiaMorpurgo,Claudia,Morpurgo,3884674948
UbaldoBenigni,Ubaldo,Benigni,3773721750
AngeloChindamo,Angelo,Chindamo,3793220568
VincenzaStoppani,Vincenza,Stoppani,3800795858
GiustinoInterminelli,Giustino,Interminelli,3396153638
VittorioNicolini,Vittorio,Nicolini,3340995407
GioacchinoAporti,Gioacchino,Aporti,3319769693
RaffaellinoFicino,Raffaellino,Ficino,3773669314
FabriziaCaccioppoli,Fabrizia,Caccioppoli,3911052454
MichelangeloBusoni,Michelangelo,Busoni,3500014255
GabrieleGiacometti,Gabriele,Giacometti,3426951850
PiergiuseppeIannelli,Piergiuseppe,Iannelli,3519531465
NicolòLamborghini,Nicolò,Lamborghini,3364438652
EnnioManzoni,Ennio,Manzoni,3793232995
AnitaGiannone,Anita,Giannone,3919648912
FedeleTurchi,Fedele,Turchi,3854371928
AdrianoComolli,Adriano,Comolli,3424368731
DoloresLuxardo,Dolores,Luxardo,3791045343
AdrianaPergolesi,Adriana,Pergolesi,3755832409
MatildaTurchetta,Matilda,Turchetta,3492523449
AmaliaPavanello,Amalia,Pavanello,3244985265
CarolinaZacco,Carolina,Zacco,3510122561
CirilloNolcini,Cirillo,Nolcini,3777469263
EnzioGremese,Enzio,Gremese,3505457036
FulvioFerragni,Fulvio,Ferragni,3757465093
GriseldaTasca,Griselda,Tasca,3777719419
AllegraSpinelli,Allegra,Spinelli,3518501875
EnzioFlaiano,Enzio,Flaiano,3343664351
AlessandroGuicciardini,Alessandro,Guicciardini,3890281535
FederigoLeonardi,Federigo,Leonardi,3241149816
CesareFolliero,Cesare,Folliero,3295486946
BeppeDeledda,Beppe,Deledda,3509020070
LuchinoVerga,Luchino,Verga,3772364399
LodovicoPeano,Lodovico,Peano,3902665361
ToninoQuerini,Tonino,Querini,3911251388
LorettaSaracino,Loretta,Saracino,3516040914
LilianaAsprucci,Liliana,Asprucci,3408251201
TizianaLiverotti,Tiziana,Liverotti,3907581140
NiccolòBocelli,Niccolò,Bocelli,3505967020
MatteoCannizzaro,Matteo,Cannizzaro,3405629077
RomanRaimondi,Roman,Raimondi,3520445417
AgnoloFinotto,Agnolo,Finotto,3551584659
SandraTropea,Sandra,Tropea,3833255794
LinaIadanza,Lina,Iadanza,3792736235
GrazianoVigliotti,Graziano,Vigliotti,3859311234
PatrizioSimeoni,Patrizio,Simeoni,3757004647
MarcantonioScamarcio,Marcantonio,Scamarcio,3783372545
AchilleCalvo,Achille,Calvo,3783781615
GustavoCasini,Gustavo,Casini,3224923065
AntonelloConte,Antonello,Conte,3515529237
CarloFaugno,Carlo,Faugno,3739052176
PietroPontecorvo,Pietro,Pontecorvo,3520129638
IdaBergoglio,Ida,Bergoglio,3554702344
UgoSegni,Ugo,Segni,3509471384
LaurettaCuriel,Lauretta,Curiel,3518685566
PompeoLombroso,Pompeo,Lombroso,3382194396
RaffaelloStein,Raffaello,Stein,3517975527
MatildaCaboto,Matilda,Caboto,3886649367
UgolinoPizziol,Ugolino,Pizziol,3627033385
GoffredoCapuana,Goffredo,Capuana,3403133418
GuarinoBartoli,Guarino,Bartoli,3441986613
ArnulfoBacosi,Arnulfo,Bacosi,3829937322
GiadaSchiavone,Giada,Schiavone,3341563312
FiorinoGabbana,Fiorino,Gabbana,3804716441
UgolinoDurante,Ugolino,Durante,3974791929
PiergiuseppeAgostinelli,Piergiuseppe,Agostinelli,3297195327
PaulinaSabbatini,Paulina,Sabbatini,3793724995
AnnunziataSegrè,Annunziata,Segrè,3366227039
AlessandroSgarbi,Alessandro,Sgarbi,3291693697
TullioDoglioni,Tullio,Doglioni,3757685711
GiacintoVenturi,Giacinto,Venturi,3398788110
RosariaMalenchini,Rosaria,Malenchini,3500996589
GemmaBonolis,Gemma,Bonolis,3409120692
CamillaPacelli,Camilla,Pacelli,3410691835
LeopoldoGotti,Leopoldo,Gotti,3534547705
CirilloPuccini,Cirillo,Puccini,3760251500
NicolaPederiva,Nicola,Pederiva,3491008986
BeatriceRighi,Beatrice,Righi,3520089078
AlderanoOttino,Alderano,Ottino,3774381856
NiccolòTaliercio,Niccolò,Taliercio,3349381407
MarcellaFantini,Marcella,Fantini,3756552468
GiannaTutino,Gianna,Tutino,3813952686
FrancoVanvitelli,Franco,Vanvitelli,3533273595
StefaniaSpallanzani,Stefania,Spallanzani,3505524604
GermanaGiunti,Germana,Giunti,3354949137
FabrizioCianciolo,Fabrizio,Cianciolo,3738620007
BernardoAsmundo,Bernardo,Asmundo,3770235837
FabioGoldoni,Fabio,Goldoni,3896486124
IsaZanazzo,Isa,Zanazzo,3427016950
GloriaGarrone,Gloria,Garrone,3776437675
GianlucaBalotelli,Gianluca,Balotelli,3772940111
CarlaPonti,Carla,Ponti,3311683951
LiviaComboni,Livia,Comboni,3282117449
StefaniCeravolo,Stefani,Ceravolo,3780237494
UgolinoTiepolo,Ugolino,Tiepolo,3554717677
IvanOnisto,Ivan,Onisto,3755265855
OsvaldoTamborini,Osvaldo,Tamborini,3714222943
MassimoRavaglioli,Massimo,Ravaglioli,3773739682
LaureanoSollima,Laureano,Sollima,3689551533
PierangeloNecci,Pierangelo,Necci,3760206160
GuarinoSavorgnan,Guarino,Savorgnan,3318617648
AldoJilani,Aldo,Jilani,3808662530
ParideErrani,Paride,Errani,3356706562
PaolettaPersico,Paoletta,Persico,3204691341
RobertaRinaldi,Roberta,Rinaldi,3369921101
OresteChiappetta,Oreste,Chiappetta,3834525996
MauroPausini,Mauro,Pausini,3773208569
GustavoSinisi,Gustavo,Sinisi,3501984671
AngelicaSermonti,Angelica,Sermonti,3505750394
UmbertoGreggio,Umberto,Greggio,3891787592
AlinaVecellio,Alina,Vecellio,3880184072
RicciottiZanichelli,Ricciotti,Zanichelli,3512287792
VanessaMuratori,Vanessa,Muratori,3626293434
GaspareSchicchi,Gaspare,Schicchi,3516498382
EugeniaMorellato,Eugenia,Morellato,3534738525
GiovanniGaiatto,Giovanni,Gaiatto,3311806143
CaterinaLeone,Caterina,Leone,3760221489
SylviaProietti,Sylvia,Proietti,3501183074
BeppeAlfonsi,Beppe,Alfonsi,3511487342
LorettaFranzese,Loretta,Franzese,3711396927
MarcelloMigliaccio,Marcello,Migliaccio,3713429241
AldoScarponi,Aldo,Scarponi,3778378150
PriscillaDruso,Priscilla,Druso,3203761662
LibertoCremonesi,Liberto,Cremonesi,3241383183
LaurettaFiorucci,Lauretta,Fiorucci,3757563367
FlavioGatto,Flavio,Gatto,3793340404
MartinoColumbo,Martino,Columbo,3450340248
GianniRubbia,Gianni,Rubbia,3619599773
MauraCalbo,Maura,Calbo,3517600322
SalviCollodi,Salvi,Collodi,3318863232
MartinoViola,Martino,Viola,3518310706
MicheleNatta,Michele,Natta,3757962252
UgolinoToldo,Ugolino,Toldo,3915015108
DamianoMaggioli,Damiano,Maggioli,3703857694
LauraBova,Laura,Bova,3517594612
BenedettoGigli,Benedetto,Gigli,3533803691
LeopoldoRavaglioli,Leopoldo,Ravaglioli,3385390027
CarolinaToninelli,Carolina,Toninelli,3485549498
LuisaBranciforte,Luisa,Branciforte,3486787533
DonatellaCutuli,Donatella,Cutuli,3713044887
PiergiuseppePetruzzi,Piergiuseppe,Petruzzi,3783110311
FiammaToselli,Fiamma,Toselli,3777969636
AlessiaFagotto,Alessia,Fagotto,3470643406
PatrizioZarlino,Patrizio,Zarlino,3388381065
AntonelloBaroffio,Antonello,Baroffio,3441562910
GaspareFlorio,Gaspare,Florio,3630511086
SerafinaLovato,Serafina,Lovato,3246700261
ViridianaGioberti,Viridiana,Gioberti,3770411885
AgostinoCossiga,Agostino,Cossiga,3756737445
GiuseppeZoppetto,Giuseppe,Zoppetto,3272412290
ColuccioCicilia,Coluccio,Cicilia,3283318333
LudovicaGalvani,Ludovica,Galvani,3514986258
GiuseppeModiano,Giuseppe,Modiano,3534417752
AlfredoFilzi,Alfredo,Filzi,3511045276
LisaSordi,Lisa,Sordi,3514039329
LudovicaRicolfi,Ludovica,Ricolfi,3780292016
SilviaVarano,Silvia,Varano,3701540850
SophiaGregori,Sophia,Gregori,3533539067
IolandaRiccardi,Iolanda,Riccardi,3556796519
CiroBondumier,Ciro,Bondumier,3715178470
DarioAcerbi,Dario,Acerbi,3509748541
MauraZito,Maura,Zito,3773435038
PiersantiSagnelli,Piersanti,Sagnelli,3791469124
VirgilioCagnin,Virgilio,Cagnin,3770144014
ErmesBernardi,Ermes,Bernardi,3665797934
RamonaSpadafora,Ramona,Spadafora,3440708369
MaurilioCorradi,Maurilio,Corradi,3666074048
FedericoCilibrasi,Federico,Cilibrasi,3427931413
MartinaCarfagna,Martina,Carfagna,3778514145
PatriziaAnichini,Patrizia,Anichini,3427387851
GermanaBoiardo,Germana,Boiardo,3514000306
RosariaBadoer,Rosaria,Badoer,3514086812
RosaliaRiccati,Rosalia,Riccati,3896842165
AmandaMogherini,Amanda,Mogherini,3367549013
BartolomeoFalier,Bartolomeo,Falier,3713212207
FloraPezzali,Flora,Pezzali,3412326583
ErikaSanudo,Erika,Sanudo,3351926774
NicolòPiane,Nicolò,Piane,3778713817
OrlandoRuffini,Orlando,Ruffini,3624016164
MarissaTomasetti,Marissa,Tomasetti,3827477678
SandraComencini,Sandra,Comencini,3776503865
TeresaBenussi,Teresa,Benussi,3838357546
FedericaTornatore,Federica,Tornatore,3518302190
EnricoCutrufo,Enrico,Cutrufo,3401644172
ArnaldoPisano,Arnaldo,Pisano,3364257824
MarcantonioPalladio,Marcantonio,Palladio,3505665265
PompeoGiorgetti,Pompeo,Giorgetti,3829236799
CaterinaPisani,Caterina,Pisani,3274215101
PasqualeVigorelli,Pasquale,Vigorelli,3287425480
RitaOrsini,Rita,Orsini,3819956044
GemmaVasari,Gemma,Vasari,3822597590
SerenaMurialdo,Serena,Murialdo,3905575615
CesareSismondi,Cesare,Sismondi,3373999442
TinaBova,Tina,Bova,3689090784
AnnibaleRomano,Annibale,Romano,3603935786
FloraFlorio,Flora,Florio,3667847132
PaolaBinaghi,Paola,Binaghi,3622281692
FederigoTelesio,Federigo,Telesio,3515651454
MelinaFerrata,Melina,Ferrata,3399501995
PiermariaTassoni,Piermaria,Tassoni,3680396741
ZairaAntelami,Zaira,Antelami,3485661792
AtenulfInzaghi,Atenulf,Inzaghi,3494215448
AmandaOrlando,Amanda,Orlando,3516604796
GiampaoloSagese,Giampaolo,Sagese,3534538900
UgoBazzi,Ugo,Bazzi,3314506404
CostantinoChindamo,Costantino,Chindamo,3520113574
MarcantonioCorradi,Marcantonio,Corradi,3505332933
RitaSalata,Rita,Salata,3735867383
GiuseppeAcerbi,Giuseppe,Acerbi,3710508804
TizianaUdinese,Tiziana,Udinese,3342810291
SerenaScialpi,Serena,Scialpi,3881484141
ValeriaFranzese,Valeria,Franzese,3310931992
PierSandi,Pier,Sandi,3554868201
FiorenzoLoredan,Fiorenzo,Loredan,3816212088
AntoniaRossellini,Antonia,Rossellini,3774880408
AlphonsRoncalli,Alphons,Roncalli,3553222120
SusannaPapetti,Susanna,Papetti,3776697280
MartinoGiulietti,Martino,Giulietti,3518622528
LeopoldoGarobbio,Leopoldo,Garobbio,3410220859
ColuccioRienzo,Coluccio,Rienzo,3685832962
GiannaGotti,Gianna,Gotti,3630675228
CaterinaNitto,Caterina,Nitto,3811140369
BiancaCasalodi,Bianca,Casalodi,3517968720
EdoardoGiannelli,Edoardo,Giannelli,3631988435
SantinoNugnes,Santino,Nugnes,3713098182
FabiaBevilacqua,Fabia,Bevilacqua,3512028323
JacopoSordi,Jacopo,Sordi,3713832013
SalvatoreBenigni,Salvatore,Benigni,3444653851
GianManacorda,Gian,Manacorda,3710067616
IgnazioNugnes,Ignazio,Nugnes,3806376149
LeonardoMaderno,Leonardo,Maderno,3512993811
LianaBoiardo,Liana,Boiardo,3776849791
LudovicaZaccagnini,Ludovica,Zaccagnini,3505863507
SebastianoGibilisco,Sebastiano,Gibilisco,3780094497
NicoCuda,Nico,Cuda,3519947261
ArturoSolimena,Arturo,Solimena,3472823734
AntonellaBignardi,Antonella,Bignardi,3735402836
AlderanoBuscetta,Alderano,Buscetta,3478121676
DanteMazzanti,Dante,Mazzanti,3855805798
AllegraPasolini,Allegra,Pasolini,3466659432
GiosuèGiannini,Giosuè,Giannini,3791710045
GiulianaAcerbi,Giuliana,Acerbi,3733116478
GemmaMoneta,Gemma,Moneta,3432410043
SandroSatriani,Sandro,Satriani,3516539862
AzeglioGualtieri,Azeglio,Gualtieri,3500485597
MaurizioCalvo,Maurizio,Calvo,3226643453
CamilloMoresi,Camillo,Moresi,3633582871
GianfrancescoTolentino,Gianfrancesco,Tolentino,3227646357
SantinoRicciardi,Santino,Ricciardi,3282525232
BaldassarePaganini,Baldassare,Paganini,3783979862
ErikaGuarana,Erika,Guarana,3773960390
RosinaBataglia,Rosina,Bataglia,3937547995
FederigoFaranda,Federigo,Faranda,3619760764
GrazianoGozzi,Graziano,Gozzi,3208718983
LuigiNadi,Luigi,Nadi,3234499393
MelinaVerga,Melina,Verga,3516385737
BiagioNorbiato,Biagio,Norbiato,3664225733
SandroPadovano,Sandro,Padovano,3627734342
PriscillaTrotta,Priscilla,Trotta,3516582860
VenancioBarracco,Venancio,Barracco,3710686027
SaverioGioberti,Saverio,Gioberti,3776662256
PaolettaBuonauro,Paoletta,Buonauro,3495403515
AchilleAlbertini,Achille,Albertini,3777435761
PiergiuseppeDossetti,Piergiuseppe,Dossetti,3774667187
GaetanoMorandi,Gaetano,Morandi,3777900153
GrazianoParri,Graziano,Parri,3776549154
NinaPolizzi,Nina,Polizzi,3505691137
LuisaCampanella,Luisa,Campanella,3760813457
OlgaBorromeo,Olga,Borromeo,3829487580
BernardoToldo,Bernardo,Toldo,3714939152
GiulianoFilangieri,Giuliano,Filangieri,3432635328
SaverioPasolini,Saverio,Pasolini,3317078514
MarianaCilibrasi,Mariana,Cilibrasi,3487395251
ErmenegildoVenditti,Ermenegildo,Venditti,3248657624
DinoBramante,Dino,Bramante,3774389695
UgoCanil,Ugo,Canil,3713346433
AdeleGradenigo,Adele,Gradenigo,3714817042
DianaCasagrande,Diana,Casagrande,3837662867
MilenaBoitani,Milena,Boitani,3352866649
OrazioSpinola,Orazio,Spinola,3793155621
GriseldaCerutti,Griselda,Cerutti,3456816267
IppazioFilangieri,Ippazio,Filangieri,3935828133
BiancaAsmundo,Bianca,Asmundo,3247959091
AtenulfCivaschi,Atenulf,Civaschi,3431294559
MircoBroggini,Mirco,Broggini,3716402230
EraldoRenier,Eraldo,Renier,3519048613
GiovanniPiacentini,Giovanni,Piacentini,3710457395
GianlucaFalcone,Gianluca,Falcone,3826274931
ArmandoDesio,Armando,Desio,3442462032
AntoninaTravaglio,Antonina,Travaglio,3778250395
GiampieroManacorda,Giampiero,Manacorda,3505047577
JacopoRicciardi,Jacopo,Ricciardi,3487233884
CorradoBrenna,Corrado,Brenna,3755350975
BiancaAldobrandi,Bianca,Aldobrandi,3772435579
MelinaGagliardi,Melina,Gagliardi,3534431786
TorquatoScotto,Torquato,Scotto,3311847549
NinaDelle,Nina,Delle,3513837826
ArmandoNaccari,Armando,Naccari,3444489768
MarcelloCollodi,Marcello,Collodi,3513859423
IvanSanguineti,Ivan,Sanguineti,3791420957
GianfrancescoAlfieri,Gianfrancesco,Alfieri,3318663535
SergiusInteriano,Sergius,Interiano,3509215910
MatildaAsmundo,Matilda,Asmundo,3501616303
GianluigiBataglia,Gianluigi,Bataglia,3512970931
LilianaFilippini,Liliana,Filippini,3701227076
LodovicoGarozzo,Lodovico,Garozzo,3931858968
AldoRienzo,Aldo,Rienzo,3662977053
EugeniaCicala,Eugenia,Cicala,3510367648
ViridianaViviani,Viridiana,Viviani,3711243835
LucianoSforza,Luciano,Sforza,3510358839
LibertoCorcos,Liberto,Corcos,3713560988
LolitaNadi,Lolita,Nadi,3792683788
VirginiaBonaventura,Virginia,Bonaventura,3664447729
MauraAriosto,Maura,Ariosto,3487788974
GrecaStoppani,Greca,Stoppani,3505198456
LorettaGermano,Loretta,Germano,3822272078
VitoBorrani,Vito,Borrani,3520455707
BeatriceSauro,Beatrice,Sauro,3760488767
LodovicoDesio,Lodovico,Desio,3500456343
VirgilioMarconi,Virgilio,Marconi,3606021035
LeopoldoOstinelli,Leopoldo,Ostinelli,3920712372
PierTerragni,Pier,Terragni,3248648743
RanieriVezzali,Ranieri,Vezzali,3793316233
PatrizioGrisoni,Patrizio,Grisoni,3731199947
GioeleFibonacci,Gioele,Fibonacci,3247496314
SebastianoSandi,Sebastiano,Sandi,3715789215
GrecaNavone,Greca,Navone,3338380583
MarianaIannucci,Mariana,Iannucci,3829547175
LuisaTrotta,Luisa,Trotta,3319645231
NinaMoresi,Nina,Moresi,3512460027
FiorenzoLovato,Fiorenzo,Lovato,3343296307
SilviaSgalambro,Silvia,Sgalambro,3373594103
GiampaoloVeneziano,Giampaolo,Veneziano,3408448178
IsabellaSgalambro,Isabella,Sgalambro,3629387449
BenedettoFermi,Benedetto,Fermi,3242150595
VittoriaMennea,Vittoria,Mennea,3509885336
PanfiloDossi,Panfilo,Dossi,3916138373
IolandaImpastato,Iolanda,Impastato,3519753806
MassimilianoFoa,Massimiliano,Foa,3793340755
GiancarloColumbo,Giancarlo,Columbo,3884775844
GiorgiaImpastato,Giorgia,Impastato,3907675870
GiustinoGianvecchio,Giustino,Gianvecchio,3914207271
DarioGrifeo,Dario,Grifeo,3534177785
LaurettaCossiga,Lauretta,Cossiga,3385300326
PatrizioRespighi,Patrizio,Respighi,3687890637
MelaniaBoitani,Melania,Boitani,3683799538
OlgaIannotti,Olga,Iannotti,3739453241
PiersantiGabbana,Piersanti,Gabbana,3514596105
AlinaCarli,Alina,Carli,3711910099
FabrizioNordio,Fabrizio,Nordio,3778435522
TelemacoCortese,Telemaco,Cortese,3823837692
LudovicoGonzaga,Ludovico,Gonzaga,3486154508
CiprianoDallapé,Cipriano,Dallapé,3249229133
TatianaCarosone,Tatiana,Carosone,3240561291
AngeloGiacconi,Angelo,Giacconi,3296498682
NataliaIadanza,Natalia,Iadanza,3500437924
MarcellaAccardo,Marcella,Accardo,3501255437
MichelottoPinamonte,Michelotto,Pinamonte,3909389566
GiorgiaMolesini,Giorgia,Molesini,3291265948
BarbaraGiulietti,Barbara,Giulietti,3512084765
ErmannoLucarelli,Ermanno,Lucarelli,3349386487
LuigiIacovelli,Luigi,Iacovelli,3510965579
TizianaBacosi,Tiziana,Bacosi,3805589603
FaustoTarchetti,Fausto,Tarchetti,3710925112
UgolinoPorcellato,Ugolino,Porcellato,3716515744
DuranteSalvo,Durante,Salvo,3441320646
RaffaellaBoaga,Raffaella,Boaga,3714138896
OsvaldoPasqua,Osvaldo,Pasqua,3774838316
CalcedonioGinese,Calcedonio,Ginese,3832137851
UbaldoGentili,Ubaldo,Gentili,3972767352
GianmarcoBuonauro,Gianmarco,Buonauro,3770193853
MarcantonioCaboto,Marcantonio,Caboto,3371067773
GiovanniCanali,Giovanni,Canali,3394045981
MaurizioGottardi,Maurizio,Gottardi,3682865114
SandraFerragamo,Sandra,Ferragamo,3359426519
GermanaVenditti,Germana,Venditti,3516404043
GiacobbeNatta,Giacobbe,Natta,3937981802
DonatelloZaguri,Donatello,Zaguri,3971303959
SoleDovara,Sole,Dovara,3921343808
ViridianaGarzoni,Viridiana,Garzoni,3534298933
GianfrancescoGiannone,Gianfrancesco,Giannone,3777477326
LudovicaDibiasi,Ludovica,Dibiasi,3478983266
VincenzoMonicelli,Vincenzo,Monicelli,3838164341
OrnellaNugnes,Ornella,Nugnes,3776044154
SilvestroBorrani,Silvestro,Borrani,3757788113
GermanaAgnesi,Germana,Agnesi,3501681131
MircoRaurica,Mirco,Raurica,3756528076
PalomaRastelli,Paloma,Rastelli,3389757726
DonatelloForza,Donatello,Forza,3447995691
NinoSpanevello,Nino,Spanevello,3207276671
SimoneIadanza,Simone,Iadanza,3791955524
ErmesGullotta,Ermes,Gullotta,3337307651
MauraFieramosca,Maura,Fieramosca,3288900743
OrnellaMazzini,Ornella,Mazzini,3438740279
AtenulfJacuzzi,Atenulf,Jacuzzi,3380847133
GuglielmoRosmini,Guglielmo,Rosmini,3777801082
EleanoraOttino,Eleanora,Ottino,3237705284
SusannaOrtese,Susanna,Ortese,3248109980
GraziellaGalilei,Graziella,Galilei,3977553248
GioachinoBruno,Gioachino,Bruno,3777815162
MariaSegni,Maria,Segni,3791455021
GioffreTraversa,Gioffre,Traversa,3512201172
NinaCeschi,Nina,Ceschi,3517001059
MartinoRastelli,Martino,Rastelli,3272619906
BrunoSauro,Bruno,Sauro,3513234210
GrazianoPontecorvo,Graziano,Pontecorvo,3715983985
AlbertoBajamonti,Alberto,Bajamonti,3500994938
ErmesMonduzzi,Ermes,Monduzzi,3533216034
IsabellaCasalodi,Isabella,Casalodi,3825237994
CalogeroGuarneri,Calogero,Guarneri,3493846636
MaurizioZeffirelli,Maurizio,Zeffirelli,3714782498
MartinoPiccio,Martino,Piccio,3731763500
SilvestroMerisi,Silvestro,Merisi,3756905179
DonnaSgalambro,Donna,Sgalambro,3458825761
FrancescoFusani,Francesco,Fusani,3760646994
CostanzoTamburini,Costanzo,Tamburini,3534815282
EmmaLuna,Emma,Luna,3815560604
EugeniaPalombi,Eugenia,Palombi,3501668279
AnnunziataPinamonte,Annunziata,Pinamonte,3757965645
GuidoAngeli,Guido,Angeli,3910798960
GioeleFederico,Gioele,Federico,3713934841
GabrieleGuglielmi,Gabriele,Guglielmi,3760743000
DaniloCanetta,Danilo,Canetta,3501311851
CiprianoVergerio,Cipriano,Vergerio,3505206074
TizianaBersani,Tiziana,Bersani,3858208109
LuchinoSantoro,Luchino,Santoro,3814310818
AmaliaFerrucci,Amalia,Ferrucci,3922921687
RominaCanali,Romina,Canali,3701659060
LolitaLeopardi,Lolita,Leopardi,3315146075
PasqualeNonis,Pasquale,Nonis,3772034233
BaccioRegge,Baccio,Regge,3755768006
TizianoTrotta,Tiziano,Trotta,3791884645
NinettaFranscini,Ninetta,Franscini,3510506662
IgnazioLamborghini,Ignazio,Lamborghini,3487797644
FloraTroisi,Flora,Troisi,3714615577
ElmoCantimori,Elmo,Cantimori,3716817596
EnzioMichelangeli,Enzio,Michelangeli,3336916659
GiacomoVasari,Giacomo,Vasari,3770496398
FedericoInnocenti,Federico,Innocenti,3757361278
UmbertoSgalambro,Umberto,Sgalambro,3734949256
RiccardoLucciano,Riccardo,Lucciano,3431412757
NadiaVenier,Nadia,Venier,3236624697
LudovicoManzoni,Ludovico,Manzoni,3976984397
PaulinaTassoni,Paulina,Tassoni,3714019154
AlderanoGiovine,Alderano,Giovine,3239112539
TorquatoBurcardo,Torquato,Burcardo,3516927258
LuigiMarsili,Luigi,Marsili,3825161323
MartaNordio,Marta,Nordio,3511469591
SantinoSolari,Santino,Solari,3519302579
AnsaldoMagnani,Ansaldo,Magnani,3519682512
LudovicoPerozzo,Ludovico,Perozzo,3710003817
ErnestoComolli,Ernesto,Comolli,3428543147
LiviaSommaruga,Livia,Sommaruga,3760329022
GrecoErrani,Greco,Errani,3779717333
FrancescoImpastato,Francesco,Impastato,3778993909
TemistocleLollobrigida,Temistocle,Lollobrigida,3386192344
AngeloCantimori,Angelo,Cantimori,3533822621
GiadaSalieri,Giada,Salieri,3500341769
SanteCapone,Sante,Capone,3756400873
AlphonsMetella,Alphons,Metella,3520596740
DelfinoTrincavelli,Delfino,Trincavelli,3244750449
FiorinoForza,Fiorino,Forza,3470010860
MarcellaBuscetta,Marcella,Buscetta,3822938647
CassandraCarriera,Cassandra,Carriera,3443136203
SalvatoreRismondo,Salvatore,Rismondo,3755010542
GiacobbeSchiavone,Giacobbe,Schiavone,3303408672
GabriellaPadovano,Gabriella,Padovano,3839973549
LivioCianciolo,Livio,Cianciolo,3511252144
MarioOvadia,Mario,Ovadia,3780351692
LudovicoMoneta,Ludovico,Moneta,3318301628
AntonioFranceschi,Antonio,Franceschi,3609578488
VictoriaModugno,Victoria,Modugno,3780060002
GuidoMartucci,Guido,Martucci,3517892414
OrnellaMascheroni,Ornella,Mascheroni,3819939791
GiacintoBianchini,Giacinto,Bianchini,3312319823
LucaRinaldi,Luca,Rinaldi,3714489758
BenvenutoFischetti,Benvenuto,Fischetti,3454533466
MichelaBattaglia,Michela,Battaglia,3778274937
VincenzoFilippini,Vincenzo,Filippini,3710710382
GiuseppeAbbagnale,Giuseppe,Abbagnale,3773488667
OresteBeccheria,Oreste,Beccheria,3755519430
LiciaTomaselli,Licia,Tomaselli,3222154585
MichelettoFilippini,Micheletto,Filippini,3514752138
AlbertoVerdi,Alberto,Verdi,3510413828
IvoPetrucci,Ivo,Petrucci,3512312031
SusannaFattori,Susanna,Fattori,3229289548
AgostinoMorandini,Agostino,Morandini,3703863246
LuchinoRamazzotti,Luchino,Ramazzotti,3755215405
AntoniettaPareto,Antonietta,Pareto,3701052930
NapoleoneGulotta,Napoleone,Gulotta,3770480719
AngelicaCostanzi,Angelica,Costanzi,3509653417
PieroIannuzzi,Piero,Iannuzzi,3638375680
PiergiuseppeMorricone,Piergiuseppe,Morricone,3627276735
GiampaoloConte,Giampaolo,Conte,3711954410
RamonaGori,Ramona,Gori,3513368007
MichelettoUdinesi,Micheletto,Udinesi,3770299435
IvanChiesa,Ivan,Chiesa,3915928304
AnitaMalpighi,Anita,Malpighi,3517151698
RicciottiBosio,Ricciotti,Bosio,3500889058
PierpaoloSolimena,Pierpaolo,Solimena,3793088261
UmbertoPisaroni,Umberto,Pisaroni,3519817039
BaccioZamengo,Baccio,Zamengo,3533002898
BiancaGregorio,Bianca,Gregorio,3716549348
GianMorandini,Gian,Morandini,3776415688
GiampieroGaggini,Giampiero,Gaggini,3776554526
FederigoMarinetti,Federigo,Marinetti,3392221235
CostanzoTorlonia,Costanzo,Torlonia,3491785582
UbertoBianchi,Uberto,Bianchi,3505625304
GelsominaTiepolo,Gelsomina,Tiepolo,3402461383
SalviMondadori,Salvi,Mondadori,3241561146
LucianaPuglisi,Luciana,Puglisi,3381983398
GriseldaArgentero,Griselda,Argentero,3716944551
MichelangeloValentino,Michelangelo,Valentino,3687281039
AlderanoPelli,Alderano,Pelli,3224353892
GustavoBernardini,Gustavo,Bernardini,3623062280
BaldassareNicoletti,Baldassare,Nicoletti,3313553299
FulvioCanetta,Fulvio,Canetta,3938684413
AmadeoPederiva,Amadeo,Pederiva,3501695175
ArturoFoscari,Arturo,Foscari,3772195342
MarcellaRamazzotti,Marcella,Ramazzotti,3757916120
LudovicoMazzeo,Ludovico,Mazzeo,3716620888
FedericoDulbecco,Federico,Dulbecco,3791459188
LeoneComisso,Leone,Comisso,3773202140
HugoChiesa,Hugo,Chiesa,3392091471
LazzaroTurchetta,Lazzaro,Turchetta,3909923619
RuggeroBorrani,Ruggero,Borrani,3518641583
SoleGaiatto,Sole,Gaiatto,3500208428
PriscillaLollobrigida,Priscilla,Lollobrigida,3479496922
NeddaDellucci,Nedda,Dellucci,3517091275
FerdinandoTogliatti,Ferdinando,Togliatti,3734037898
MarcantonioNitto,Marcantonio,Nitto,3485113268
AlderanoMartinelli,Alderano,Martinelli,3791495339
CiprianoBettin,Cipriano,Bettin,3520414282
ManuelGermano,Manuel,Germano,3246231355
GustavoBocelli,Gustavo,Bocelli,3520874022
RuggieroAlfonsi,Ruggiero,Alfonsi,3505148403
VenancioBaroffio,Venancio,Baroffio,3280259822
DinaVerga,Dina,Verga,3297484716
DoloresBoiardo,Dolores,Boiardo,3533028326
EmilioFilangieri,Emilio,Filangieri,3401638962
GianSismondi,Gian,Sismondi,3854575469
PierinaFoa,Pierina,Foa,3514647149
UgolinoRossi,Ugolino,Rossi,3514300764
LucaVeneziano,Luca,Veneziano,3603883231
CarlaTrevisani,Carla,Trevisani,3772887194
AnnamariaPisani,Annamaria,Pisani,3779369892
AlinaBonolis,Alina,Bonolis,3623284068
PuccioTasso,Puccio,Tasso,3495432355
AlfioCamiscione,Alfio,Camiscione,3495441545
DinoMorosini,Dino,Morosini,3465723437
AmletoCanali,Amleto,Canali,3631154757
StefanoAporti,Stefano,Aporti,3716404605
SantinoOrengo,Santino,Orengo,3280266788
NiccolòFallaci,Niccolò,Fallaci,3231620992
ElenaTarantino,Elena,Tarantino,3511520825
BarbaraMorricone,Barbara,Morricone,3520419711
MatildaRenier,Matilda,Renier,3292920503
SandraBoccherini,Sandra,Boccherini,3732960802
SebastianoColumbo,Sebastiano,Columbo,3830712300
AntoniettaMannoia,Antonietta,Mannoia,3285741850
AlessioZacchia,Alessio,Zacchia,3903038635
FabrizioLuxardo,Fabrizio,Luxardo,3282188117
AlessiaGucci,Alessia,Gucci,3923261357
SabatinoTotino,Sabatino,Totino,3283767105
LandoNadi,Lando,Nadi,3243269453
CiprianoCasini,Cipriano,Casini,3688026734
StellaCasadei,Stella,Casadei,3429359088
GianfrancoLuna,Gianfranco,Luna,3201616546
MarinaLeonardi,Marina,Leonardi,3557840942
AlfioFaggiani,Alfio,Faggiani,3293690815
CaterinaNolcini,Caterina,Nolcini,3923840557
GiulioCalgari,Giulio,Calgari,3701749173
AlderanoFavata,Alderano,Favata,3516777275
ValerioBoaga,Valerio,Boaga,3701031625
CiprianoNatta,Cipriano,Natta,3783320716
MattiaMercati,Mattia,Mercati,3714868068
PietroLonghena,Pietro,Longhena,3332835691
ClaudiaSpadafora,Claudia,Spadafora,3514344919
LianaGuarneri,Liana,Guarneri,3792044307
NeddaVersace,Nedda,Versace,3682619646
MicheleScaramucci,Michele,Scaramucci,3701807766
CorradoTrevisan,Corrado,Trevisan,3303935171
PalomaTirabassi,Paloma,Tirabassi,3234969884
RomoloBarcaccia,Romolo,Barcaccia,3500752088
FilippaBramante,Filippa,Bramante,3517590236
BenitoBresciani,Benito,Bresciani,3755699078
EnnioStorladi,Ennio,Storladi,3284865133
NicolaChittolini,Nicola,Chittolini,3505877192
GuarinoCampise,Guarino,Campise,3340222492
EnzoSforza,Enzo,Sforza,3516492567
PiermariaBonaventura,Piermaria,Bonaventura,3755012789
LibertoFerrazzi,Liberto,Ferrazzi,3511201374
BettinaMennea,Bettina,Mennea,3713780919
FederigoPagliaro,Federigo,Pagliaro,3792137712
PaoloMerisi,Paolo,Merisi,3756580931
GelsominaBarsanti,Gelsomina,Barsanti,3243898725
ParideStradivari,Paride,Stradivari,3684743112
RitaPorcellato,Rita,Porcellato,3665711789
AlessiaBettin,Alessia,Bettin,3850902627
PierangeloSamele,Pierangelo,Samele,3703374028
GeronimoBeccaria,Geronimo,Beccaria,3515875451
EzioCuratoli,Ezio,Curatoli,3756824911
CalcedonioGiorgetti,Calcedonio,Giorgetti,3396775510
PaoloGalilei,Paolo,Galilei,3933285686
GiampieroViviani,Giampiero,Viviani,3892659975
GiannaMarcacci,Gianna,Marcacci,3518457788
ElisaBattisti,Elisa,Battisti,3621230724
GiacintoCerquiglini,Giacinto,Cerquiglini,3850548611
TizianaScaramucci,Tiziana,Scaramucci,3515735869
CiprianoBuonauro,Cipriano,Buonauro,3379345287
RonaldoGarobbio,Ronaldo,Garobbio,3406372932
SergiusMarzorati,Sergius,Marzorati,3534433615
IsabellaMontanelli,Isabella,Montanelli,3618052050
FlaviaBrambilla,Flavia,Brambilla,3517060341
CalogeroVenturi,Calogero,Venturi,3628682442
MariaTremonti,Maria,Tremonti,3516922784
RaffaellinoGiannini,Raffaellino,Giannini,3340651001
VirginiaGozzi,Virginia,Gozzi,3236027767
LucianoSabbatini,Luciano,Sabbatini,3756462446
LaurettaCampanella,Lauretta,Campanella,3632506492
AnnibaleGarzoni,Annibale,Garzoni,3283054157
AnnettaLucchesi,Annetta,Lucchesi,3510317957
PanfiloTotino,Panfilo,Totino,3776376228
RolandoBernini,Rolando,Bernini,3518030296
IppazioOliboni,Ippazio,Oliboni,3666171118
NinoVeltroni,Nino,Veltroni,3792710949
FaustoMarazzi,Fausto,Marazzi,3520415136
SusannaCasarin,Susanna,Casarin,3298552023
ColuccioArgentero,Coluccio,Argentero,3517633175
PaolaMicca,Paola,Micca,3363321863
UgoMercantini,Ugo,Mercantini,3478214356
ErmesConti,Ermes,Conti,3854215557
ArnulfoAnichini,Arnulfo,Anichini,3757926437
ToniaJovinelli,Tonia,Jovinelli,3379040262
GrecoColletti,Greco,Colletti,3735576342
AlessiaBellini,Alessia,Bellini,3294812964
AnnettaCampano,Annetta,Campano,3780160692
MicheleLettiere,Michele,Lettiere,3819021555
PierinaContarini,Pierina,Contarini,3783919003
LetiziaPanatta,Letizia,Panatta,3308510183
GrecaAntonello,Greca,Antonello,3760431672
GriseldaToscani,Griselda,Toscani,3757088902
NicolòGiolitti,Nicolò,Giolitti,3476304396
MarcantonioBeffa,Marcantonio,Beffa,3533979836
FederigoTrentini,Federigo,Trentini,3793717061
DarioTagliafierro,Dario,Tagliafierro,3513216081
MelissaTonisto,Melissa,Tonisto,3515855194
PiermariaPistoletto,Piermaria,Pistoletto,3518667957
GiacomoGentili,Giacomo,Gentili,3661618209
BaldassareFinotto,Baldassare,Finotto,3774446982
UgoCarfagna,Ugo,Carfagna,3517653741
BettinaNitti,Bettina,Nitti,3516841009
GioeleViviani,Gioele,Viviani,3912201833
MonicaGiacometti,Monica,Giacometti,3614523167
CarlaTorlonia,Carla,Torlonia,3618976260
GiovannaGuariento,Giovanna,Guariento,3901416392
ImeldaOrlando,Imelda,Orlando,3511264364
GustavoAvogadro,Gustavo,Avogadro,3419891519
SeverinoFilippini,Severino,Filippini,3519118375
CarlaCastellitto,Carla,Castellitto,3518870929
StellaDraghi,Stella,Draghi,3884341543
GelsominaRosselli,Gelsomina,Rosselli,3776350345
UbaldoPalumbo,Ubaldo,Palumbo,3516127195
EvaAntonioni,Eva,Antonioni,3277759108
LuiginaRoncalli,Luigina,Roncalli,3475376756
PierpaoloTartini,Pierpaolo,Tartini,3780536619
ElisaGiulietti,Elisa,Giulietti,3505903726
EugeniaBandello,Eugenia,Bandello,3780726968
FiorinoOffredi,Fiorino,Offredi,3514234608
GaspareTurrini,Gaspare,Turrini,3432415197
AdamoCarli,Adamo,Carli,3247631651
ChiaraSerlupi,Chiara,Serlupi,3396232831
ZairaGuicciardini,Zaira,Guicciardini,3505533593
OresteMazzanti,Oreste,Mazzanti,3403063199
FrancescoNicoletti,Francesco,Nicoletti,3770281001
FabiaAbbagnale,Fabia,Abbagnale,3776543397
BenedettoValmarana,Benedetto,Valmarana,3851913041
AntoniettaRiccati,Antonietta,Riccati,3925280959
LetiziaZamorani,Letizia,Zamorani,3429103051
FabrizioManunta,Fabrizio,Manunta,3711919891
RaffaeleDonà,Raffaele,Donà,3760425773
NiccolòPausini,Niccolò,Pausini,3276254804
CassandraGabba,Cassandra,Gabba,3518487780
DinaLovato,Dina,Lovato,3837411547
AriaScaramucci,Aria,Scaramucci,3777867134
EleanoraGianinazzi,Eleanora,Gianinazzi,3776231775
TeresaFracci,Teresa,Fracci,3905600028
TizianaCapuana,Tiziana,Capuana,3404497493
GoffredoManacorda,Goffredo,Manacorda,3318191730
NicolettaArgan,Nicoletta,Argan,3711124213
MassimilianoSpinelli,Massimiliano,Spinelli,3304659534
MariaRismondo,Maria,Rismondo,3737566969
GiuseppeZiani,Giuseppe,Ziani,3517944181
